Date,Band,date.x,month.x,Microfilaria_Infected,num_fieldsinspected,field1_erythrocytes,field2_erythrocytes,field3_erythrocytes,field4_erythrocytes,field5_erythrocytes,average_erythrocytes,total_erythrocytes,heterophil,lymphocyte,eosinophil,thrombocyte,monocyte,basophil,H.L_ratio,total_leukocyte,notes,Species,Extraction_date,MF,pox_type,Sex,PCR_sex,use_sex,Plumage,Estado.reproductivo,Beak_length,Beak_depth,Beak_width,Tarsus,Wing.Chord,Mass,Pox_IUR,Pox_scale,Pox_size_lesion,season,trad_season,wet_dry,month.y,Microscopy,PCR,Body_condition
1-Mar-23,SM1773,7-Feb-23,February,U,11,400,350,300,350,200,320,3520,0,0,0,0,0,0,NA,0,EL CITPLASMA ESTA DE COLOR Y EL NUCLEO SIN COLOR,FOR,NA,neg,NA,M,NA,M,NA,NA,NA,NA,NA,NA,NA,NA,R,NA,NA,1,1,wet,2,mic,NA,37.41314943
1-Mar-23,SM1784,7-Feb-23,February,U,11,300,270,130,120,200,204,2244,0,0,0,0,0,0,NA,0,,CRA,NA,neg,NA,M,NA,M,NA,NA,NA,NA,NA,NA,NA,NA,I,NA,NA,1,1,wet,2,mic,NA,31.11711922
2-Mar-23,SMC196,2-Mar-23,February,U,11,500,296,563,333,400,418.4,4602.4,0,39,0,0,2,0,0,41,TINCION TORTUGAS TERRESTRES,GAMO,NA,neg,NA,M,NA,M,NA,NA,NA,NA,NA,NA,NA,NA,U,NA,NA,1,1,wet,2,mic,NA,41.35923275
2-Mar-23,SM1850,2-Mar-23,March,U,11,453,337,401,437,414,408.4,4492.4,0,3,0,0,1,0,0,4,20SEG TINCION,FOR,NA,neg,NA,M,NA,M,NA,NA,NA,NA,NA,NA,NA,NA,R,NA,NA,1,1,wet,3,mic,NA,21.78457174
2-Mar-23,JP5867,2-Mar-23,March,U,11,180,150,100,110,260,160,1760,0,25,0,0,1,0,0,26,15SEG TINCION,CRA,NA,neg,NA,M,NA,M,NA,NA,NA,NA,NA,NA,NA,NA,R,NA,NA,1,1,wet,3,mic,NA,31.51496142
10-Mar-23,SM1715,2-Feb-23,February,U,43,200,150,200,120,220,178,7654,0,34,0,0,4,0,0,38,,SCA,NA,neg,NA,F,NA,F,NA,NA,NA,NA,NA,NA,NA,NA,U,NA,NA,1,1,wet,2,mic,NA,22.81161347
13-Mar-23,SM1732,2-Feb-23,February,U,35,450,350,210,300,250,312,10920,0,91,0,17,3,1,0,112,,MAG,NA,neg,NA,M,NA,M,NA,NA,NA,NA,NA,NA,NA,NA,U,NA,NA,1,1,wet,2,mic,NA,NA
14-Mar-23,SM1741,3-Feb-23,February,U,12,250,280,300,340,250,284,3408,3,7,0,2,0,3,0.428571429,15,las celulas estan muy unidas,CRA,NA,neg,NA,M,NA,M,NA,NA,NA,NA,NA,NA,NA,NA,U,NA,NA,1,1,wet,2,mic,NA,32.64455762
14-Mar-23,SM1795,7-Feb-23,February,U,36,470,330,200,190,300,298,10728,1,59,0,54,11,7,0.016949153,132,,SCA,3-Jul-24,pos,#N/A,M,M,M,1,CP1,15.41,9.53,7.45,7.45,69,15.22,I,A,9.45,1,1,wet,2,mic,PCR,17.43151083
15-Mar-23,SM1735,2-Feb-23,February,U,40,380,400,420,300,250,350,14000,0,33,0,12,0,0,0,45,,FOR,NA,neg,NA,U,NA,U,NA,NA,NA,NA,NA,NA,NA,NA,I,NA,NA,1,1,wet,2,mic,NA,19.56350469
15-Mar-23,SM1717,2-Feb-23,February,U,54,148,150,230,200,250,195.6,10562.4,0,0,0,0,0,0,NA,0,,SCA,3-Jul-24,pos,#N/A,U,F,F,0,0,13.32,8.77,7.6,18.68,66,22.71,R,NA,NA,1,1,wet,2,mic,PCR,24.25823913
15-Mar-23,SM1719,2-Feb-23,February,U,28,520,480,350,320,300,394,11032,0,0,0,0,0,0,NA,0,,FOR,NA,neg,NA,U,NA,U,NA,NA,NA,NA,NA,NA,NA,NA,U,NA,NA,1,1,wet,2,mic,NA,29.57010862
16-Mar-23,SM1739,3-Feb-23,February,U,17,250,150,194,140,120,170.8,2903.6,0,12,0,7,0,2,0,21,,FOR,NA,neg,NA,U,NA,U,NA,NA,NA,NA,NA,NA,NA,NA,U,NA,NA,1,1,wet,2,mic,NA,34.61216699
16-Mar-23,SM1742,3-Feb-23,February,U,40,280,200,230,400,150,252,10080,0,61,0,8,0,4,0,73,,FOR,NA,neg,NA,U,NA,U,NA,NA,NA,NA,NA,NA,NA,NA,U,NA,NA,1,1,wet,2,mic,NA,26.69533664
23-May-23,SM1802,9-Feb-23,February,U,20,130,150,170,100,150,140,2800,0,0,0,0,0,0,NA,0,,FOR,NA,neg,NA,U,NA,U,NA,NA,NA,NA,NA,NA,NA,NA,R,NA,NA,1,1,wet,2,mic,NA,20.90586999
23-May-23,SM1813,10-Feb-23,February,U,55,240,400,420,370,250,336,18480,0,0,0,0,0,0,NA,0,,FOR,NA,neg,NA,U,NA,U,NA,NA,NA,NA,NA,NA,NA,NA,I,NA,NA,1,1,wet,2,mic,NA,21.89738369
23-May-23,SM1737,10-Feb-23,February,U,95,200,100,120,150,100,134,12730,0,1,0,0,0,0,0,1,,CRA,NA,neg,NA,M,NA,M,NA,NA,NA,NA,NA,NA,NA,NA,R,NA,NA,1,1,wet,2,mic,NA,31.99294981
23-May-23,SMA1312,10-Feb-23,February,U,14,120,250,150,200,250,194,2716,0,12,0,0,0,0,0,12,NO HABIA MUCHAS CELULAS DISPERSAS,PAR,NA,neg,NA,U,NA,U,NA,NA,NA,NA,NA,NA,NA,NA,U,NA,NA,1,1,wet,2,mic,NA,11.69457271
23-May-23,SMA1301,10-Feb-23,February,I,50,240,350,400,400,400,358,17900,0,10,0,0,0,0,0,10,"ESTA MUESTRA EN TUBO DE SANGRE SABRINA SE LO LLEVO , no hay muestraen las cajas",FUL,NA,pos,NA,M,NA,M,NA,NA,NA,NA,NA,NA,NA,NA,I,NA,NA,1,1,wet,2,mic,NA,12.11896066
23-May-23,SMA1317,14-Feb-23,February,U,50,250,280,200,200,210,228,11400,0,2,0,0,0,0,0,2,,FUL,NA,neg,NA,M,NA,M,NA,NA,NA,NA,NA,NA,NA,NA,I,NA,NA,1,1,wet,2,mic,NA,12.91744403
23-May-23,CEMPA SEA LISBOA CO 36956,4-Apr-23,March,U,46,300,200,100,100,100,160,7360,0,21,0,18,0,0,0,39,,FOR,NA,neg,NA,M,NA,M,NA,NA,NA,NA,NA,NA,NA,NA,U,NA,NA,1,1,wet,4,mic,NA,24.22562039
23-May-23,SM1917,6-Apr-23,April,I,39,180,300,250,255,300,257,10023,0,50,1,60,0,1,0,112,MUESTRA PARA PCR,SCA,NA,pos,NA,M,NA,M,NA,NA,NA,NA,NA,NA,NA,NA,R,NA,NA,1,1,wet,4,mic,NA,29.72397226
8-Jun-23,SM1801,10-Feb-23,February,U,40,400,440,350,550,489,445.8,17832,0,57,0,32,0,0,0,89,,FOR,NA,neg,NA,U,NA,U,NA,NA,NA,NA,NA,NA,NA,NA,I,NA,NA,1,1,wet,2,mic,NA,16.17899346
8-Jun-23,SM1808,10-Feb-23,February,U,50,550,600,400,500,400,490,24500,0,0,0,0,0,0,NA,0,,PAL,NA,neg,NA,M,NA,M,NA,NA,NA,NA,NA,NA,NA,NA,U,NA,NA,1,1,wet,2,mic,NA,NA
8-Jun-23,SM1824,14-Feb-23,February,I,50,300,330,255,400,360,329,16450,0,19,0,0,0,0,0,19,no hay muestraen las cajas,FOR,NA,pos,NA,F,NA,F,NA,NA,NA,NA,NA,NA,NA,NA,I,NA,NA,1,1,wet,2,mic,NA,21.84331926
8-Jun-23,SMA1337,20-Mar-23,March,U,42,250,200,280,200,200,226,9492,0,15,0,211,17,0,0,243,,PAR,NA,neg,NA,M,NA,M,NA,NA,NA,NA,NA,NA,NA,NA,R,NA,NA,1,1,wet,3,mic,NA,13.99080797
8-Jun-23,SM1908,21-Mar-23,March,U,41,550,600,650,700,560,612,25092,3,57,0,57,3,9,0.052631579,129,,CRA,NA,neg,NA,M,NA,M,NA,NA,NA,NA,NA,NA,NA,NA,R,NA,NA,1,1,wet,3,mic,NA,26.84910226
8-Jun-23,E117358,6-Apr-23,April,U,28,340,360,300,580,420,400,11200,0,29,0,98,2,0,0,129,,MYI,NA,neg,NA,F,NA,F,NA,NA,NA,NA,NA,NA,NA,NA,U,NA,NA,1,1,wet,4,mic,NA,NA
15-Jun-23,SM1910,4-Apr-23,April,I,12,518,657,836,966,1000,795.4,9544.8,0,6,0,0,1,3,0,10,,CRA,NA,pos,NA,M,NA,M,NA,NA,NA,NA,NA,NA,NA,NA,R,NA,NA,1,1,wet,4,mic,NA,28.91665985
15-Jun-23,SMC021,5-Apr-23,April,U,55,574,471,350,306,440,428.2,23551,1,54,1,57,1,36,0.018518519,150,,GAMO,NA,neg,NA,F,NA,F,NA,NA,NA,NA,NA,NA,NA,NA,U,NA,NA,1,1,wet,4,mic,NA,44.79670301
15-Jun-23,SM1913,5-Apr-23,April,I,48,600,542,542,506,600,558,26784,2,27,0,5,0,0,0.074074074,34,MUESTRA PARA PCR,FOR,NA,pos,NA,F,NA,F,NA,NA,NA,NA,NA,NA,NA,NA,R,NA,NA,1,1,wet,4,mic,NA,23.88149244
18-Jun-23,SMA151,17-Mar-23,March,U,36,836,341,810,557,455,599.8,21592.8,5,7,0,19,0,0,0.714285714,31,,OLI,NA,neg,NA,U,NA,U,NA,NA,NA,NA,NA,NA,NA,NA,U,NA,NA,1,1,wet,3,mic,NA,NA
18-Jun-23,SMA231,17-Mar-23,March,U,37,411,424,487,283,354,391.8,14496.6,3,20,1,30,7,7,0.15,68,,OLI,NA,neg,NA,M,NA,M,NA,NA,NA,NA,NA,NA,NA,NA,U,NA,NA,1,1,wet,3,mic,NA,NA
18-Jun-23,SMA1333,17-Mar-23,March,U,24,547,594,540,518,437,527.2,12652.8,1,4,0,0,1,1,0.25,7,,PAR,NA,neg,NA,M,NA,M,NA,NA,NA,NA,NA,NA,NA,NA,U,NA,NA,1,1,wet,3,mic,NA,11.65043539
22-Jun-23,SM1844,14-Feb-23,February,U,15,600,548,655,320,340,492.6,7389,0,12,0,0,0,0,0,12,es del tinte anterior se pueden ver bien las celulas pero no se distinguen las blancas,SCA,3-Jul-24,neg,#N/A,M,M,M,3,CP3,13.42,8.41,6.93,21.01,65,20.68,I,B,7.56,1,1,wet,2,mic,PCR,19.5857865
22-Jun-23,SMA1332,17-Mar-23,March,U,37,238,258,317,234,235,256.4,9486.8,0,112,4,19,2,9,0,146,conte de dos placas mismo anillo,PAR,NA,neg,NA,F,NA,F,NA,NA,NA,NA,NA,NA,NA,NA,U,NA,NA,1,1,wet,3,mic,NA,13.12463205
23-Jun-23,SMA1334,17-Mar-23,March,U,35,361,502,495,381,381,424,14840,2,85,2,82,16,1,0.023529412,188,,FUL,NA,neg,NA,M,NA,M,NA,NA,NA,NA,NA,NA,NA,NA,R,NA,NA,1,1,wet,3,mic,NA,14.1591073
23-Jun-23,LF0456,20-Mar-23,March,I,30,543,526,615,454,406,508.8,15264,1,46,0,15,92,0,0.02173913,154,,CRA,NA,pos,NA,M,NA,M,NA,NA,NA,NA,NA,NA,NA,NA,R,NA,NA,1,1,wet,3,mic,NA,33.77587035
23-Jun-23,JP5762,20-Mar-23,March,I,30,467,374,499,680,803,564.6,16938,10,19,1,16,30,0,0.526315789,76,,CRA,NA,pos,NA,M,NA,M,NA,NA,NA,NA,NA,NA,NA,NA,R,NA,NA,1,1,wet,3,mic,NA,36.23081041
23-Jun-23,SM1890,20-Mar-23,March,I,30,688,635,632,476,476,581.4,17442,1,55,1,14,9,0,0.018181818,80,MUESTRA PARA PCR,FOR,NA,pos,NA,M,NA,M,NA,NA,NA,NA,NA,NA,NA,NA,U,NA,NA,1,1,wet,3,mic,NA,20.64899143
23-Jun-23,SM1800,20-Mar-23,March,U,30,796,766,723,534,621,688,20640,1,24,0,0,3,0,0.041666667,28,,FOR,NA,neg,NA,F,NA,F,NA,NA,NA,NA,NA,NA,NA,NA,U,NA,NA,1,1,wet,3,mic,NA,25.85137407
23-Jun-23,SM1892,20-Mar-23,March,U,30,511,609,348,385,345,439.6,13188,0,124,1,41,1,0,0,167,,CRA,NA,neg,NA,F,NA,F,NA,NA,NA,NA,NA,NA,NA,NA,U,NA,NA,1,1,wet,3,mic,NA,36.23081041
23-Jun-23,SM1891,20-Mar-23,March,U,30,567,456,352,241,226,368.4,11052,1,17,0,9,5,0,0.058823529,32,,FOR,NA,neg,NA,M,NA,M,NA,NA,NA,NA,NA,NA,NA,NA,U,NA,NA,1,1,wet,3,mic,NA,23.10032077
26-Jun-23,SM1889,21-Mar-23,March,I,25,390,528,502,588,674,536.4,13410,3,27,2,19,5,0,0.111111111,56,MUESTRA PARA PCR,SCA,NA,pos,NA,M,NA,M,NA,NA,NA,NA,NA,NA,NA,NA,U,NA,NA,1,1,wet,3,mic,NA,22.37737875
26-Jun-23,SMA1341,21-Mar-23,March,U,30,723,511,460,600,733,605.4,18162,0,63,0,35,1,0,0,99,,FUL,NA,neg,NA,M,NA,M,NA,NA,NA,NA,NA,NA,NA,NA,U,NA,NA,1,1,wet,3,mic,NA,13.98278118
26-Jun-23,SMA1339,24-Mar-23,March,U,30,475,531,577,578,384,509,15270,0,20,1,9,1,0,0,31,,FUL,NA,neg,NA,M,NA,M,NA,NA,NA,NA,NA,NA,NA,NA,U,NA,NA,1,1,wet,3,mic,NA,14.62793663
26-Jun-23,SM1893,26-Mar-23,March,I,10,695,658,876,611,606,689.2,6892,0,35,0,0,0,0,0,35,"MUESTRA PARA PCR,NO HAY MUCHA MUESTRA",CRA,NA,pos,NA,M,NA,M,NA,NA,NA,NA,NA,NA,NA,NA,R,NA,NA,1,1,wet,3,mic,NA,28.84510595
26-Jun-23,SM1911,4-Apr-23,April,U,23,461,469,523,424,435,462.4,10635.2,0,57,1,51,2,1,0,112,,MAG,NA,neg,NA,M,NA,M,NA,NA,NA,NA,NA,NA,NA,NA,U,NA,NA,1,1,wet,4,mic,NA,NA
26-Jun-23,SMC020,4-Apr-23,April,I,18,298,425,557,693,537,502,9036,102,60,9,190,8,6,1.7,375,MUESTRA PARA PCR,GAMO,NA,pos,NA,U,NA,U,NA,NA,NA,NA,NA,NA,NA,NA,I,NA,NA,1,1,wet,4,mic,NA,55.40763681
26-Jun-23,SMC019,4-Apr-23,April,I,30,349,309,420,687,636,480.2,14406,20,49,0,83,4,1,0.408163265,157,MUESTRA PARA PCR,GAMO,17-May-24,neg,#N/A,U,M,M,0,0,17.77,NA,NA,35.98,108,46.87,I,D,11.92,1,1,wet,4,mic,PCR,35.66290128
26-Jun-23,DC833,4-Apr-23,April,U,35,599,465,494,469,423,490,17150,1,25,0,7,0,0,0.04,33,,GAMO,NA,neg,NA,M,NA,M,NA,NA,NA,NA,NA,NA,NA,NA,U,NA,NA,1,1,wet,4,mic,NA,34.38837938
29-Jun-23,SM1894,4-Apr-23,April,I,30,370,493,582,761,741,589.4,17682,5,70,1,17,1,0,0.071428571,94,MUESTRA PARA PCR,SCA,NA,pos,NA,U,NA,U,NA,NA,NA,NA,NA,NA,NA,NA,U,NA,NA,1,1,wet,4,mic,NA,14.58036811
29-Jun-23,SM1912,4-Apr-23,April,U,30,450,762,803,748,760,704.6,21138,3,85,3,44,5,0,0.035294118,140,,FOR,NA,neg,NA,F,NA,F,NA,NA,NA,NA,NA,NA,NA,NA,U,NA,NA,1,1,wet,4,mic,NA,22.62722096
2-Aug-23,SMA1267,5-Apr-23,April,U,30,561,716,700,500,704,636.2,19086,3,61,10,50,5,3,0.049180328,132,,MYI,NA,neg,NA,U,NA,U,NA,NA,NA,NA,NA,NA,NA,NA,U,NA,NA,1,1,wet,4,mic,NA,NA
2-Aug-23,SM1914,5-Apr-23,April,I,25,617,705,743,860,660,717,17925,6,16,2,35,2,2,0.375,63,MUESTRA PARA PCR,SCA,NA,pos,NA,M,NA,M,NA,NA,NA,NA,NA,NA,NA,NA,U,NA,NA,1,1,wet,4,mic,NA,20.5282998
2-Aug-23,SM1915,6-Apr-23,April,I,25,601,396,376,645,562,516,12900,0,27,0,50,5,1,0,83,,CRA,NA,pos,NA,F,NA,F,NA,NA,NA,NA,NA,NA,NA,NA,R,NA,NA,1,1,wet,4,mic,NA,27.3129148
2-Aug-23,SM1920,11-Apr-23,April,I,17,450,995,703,518,416,616.4,10478.8,0,18,0,15,1,0,0,34,MUESTRA PARA PCR,CRA,NA,pos,NA,M,NA,M,NA,NA,NA,NA,NA,NA,NA,NA,R,NA,NA,1,1,wet,4,mic,NA,28.39888211
9-Aug-23,SM1919,11-Apr-23,April,U,15,387,572,496,350,458,452.6,6789,10,95,5,3,0,0,0.105263158,113,,CRA,NA,neg,NA,M,NA,M,NA,NA,NA,NA,NA,NA,NA,NA,U,NA,NA,1,1,wet,4,mic,NA,31.82757298
9-Aug-23,SM1921,11-Apr-23,April,I,30,905,482,463,429,501,556,16680,1,20,6,6,0,6,0.05,39,,CRA,NA,pos,NA,M,NA,M,NA,NA,NA,NA,NA,NA,NA,NA,I,NA,NA,1,1,wet,4,mic,NA,30.69148373
9-Aug-23,SMC022,11-Apr-23,April,I,16,896,529,387,792,697,660.2,10563.2,1,50,3,116,1,3,0.02,174,MUESTRA PARA PCR,GAMO,NA,pos,NA,U,NA,U,NA,NA,NA,NA,NA,NA,NA,NA,I,NA,NA,1,1,wet,4,mic,NA,42.94400689
9-Aug-23,SMA1343,12-Apr-23,April,U,25,582,435,531,722,386,531.2,13280,6,54,4,66,65,1,0.111111111,196,,FUL,NA,neg,NA,M,NA,M,NA,NA,NA,NA,NA,NA,NA,NA,U,NA,NA,1,1,wet,4,mic,NA,13.05176665
9-Aug-23,SM1928,12-Apr-23,April,I,25,542,788,668,634,666,659.6,16490,1,35,1,19,8,0,0.028571429,64,MUESTRA PARA PCR,FOR,NA,pos,NA,M,NA,M,NA,NA,NA,NA,NA,NA,NA,NA,I,NA,NA,1,1,wet,4,mic,NA,20.40117477
9-Aug-23,SM1926,12-Apr-23,April,U,18,318,213,186,266,281,252.8,4550.4,0,4,0,6,1,0,0,11,MUESTRA PARA PCR,FOR,NA,neg,NA,M,NA,M,NA,NA,NA,NA,NA,NA,NA,NA,R,NA,NA,1,1,wet,4,mic,NA,17.83645804
16-Aug-23,SM1933,12-Apr-23,April,U,32,458,484,786,642,514,576.8,18457.6,0,13,1,81,35,0,0,130,,CRA,NA,neg,NA,M,NA,M,NA,NA,NA,NA,NA,NA,NA,NA,U,NA,NA,1,1,wet,4,mic,NA,29.2062528
16-Aug-23,SM1927,12-Apr-23,April,U,25,560,577,705,800,743,677,16925,3,55,3,14,29,0,0.054545455,104,,CRA,NA,neg,NA,M,NA,M,NA,NA,NA,NA,NA,NA,NA,NA,U,NA,NA,1,1,wet,4,mic,NA,30.41199935
16-Aug-23,LF4009,12-Apr-23,April,U,25,504,866,775,686,620,690.2,17255,10,31,4,106,22,11,0.322580645,184,,FOR,NA,neg,NA,U,NA,U,NA,NA,NA,NA,NA,NA,NA,NA,R,NA,NA,1,1,wet,4,mic,NA,21.80564728
28-Aug-23,SM1934,13-Apr-23,April,U,25,584,671,633,718,756,672.4,16810,1,73,2,24,67,0,0.01369863,167,,CRA,NA,neg,NA,M,NA,M,NA,NA,NA,NA,NA,NA,NA,NA,U,NA,NA,1,1,wet,4,mic,NA,28.79826205
28-Aug-23,SM1936,13-Apr-23,April,U,26,540,499,512,519,465,507,13182,2,57,0,2,16,2,0.035087719,79,,CRA,NA,neg,NA,M,NA,M,NA,NA,NA,NA,NA,NA,NA,NA,R,NA,NA,1,1,wet,4,mic,NA,33.66523723
28-Aug-23,SM1937,13-Apr-23,April,I,15,444,588,354,266,443,419,6285,0,26,0,33,1,0,0,60,"NO HAY MUCHAS CELULAS, MUESTRA PARA PCR",CRA,NA,pos,NA,M,NA,M,NA,NA,NA,NA,NA,NA,NA,NA,U,NA,NA,1,1,wet,4,mic,NA,39.43234775
28-Aug-23,SM1938,13-Apr-23,April,U,15,844,846,802,406,644,708.4,10626,9,34,5,20,5,0,0.264705882,73,,CRA,NA,neg,NA,M,NA,M,NA,NA,NA,NA,NA,NA,NA,NA,R,NA,NA,1,1,wet,4,mic,NA,29.17102087
28-Aug-23,SM1942,13-Apr-23,April,U,25,529,507,570,635,784,605,15125,0,29,0,7,1,0,0,37,,FOR,NA,neg,NA,M,NA,M,NA,NA,NA,NA,NA,NA,NA,NA,R,NA,NA,1,1,wet,4,mic,NA,17.44937171
28-Aug-23,SM1056,13-Apr-23,April,I,25,373,519,711,687,435,545,13625,2,33,2,35,8,0,0.060606061,80,MUESTRA PARA PCR,CRA,NA,pos,NA,M,NA,M,NA,NA,NA,NA,NA,NA,NA,NA,U,NA,NA,1,1,wet,4,mic,NA,27.84643952
28-Aug-23,SM1939,13-Apr-23,April,U,25,512,595,645,535,408,539,13475,2,53,2,0,1,0,0.037735849,58,,SCA,NA,neg,NA,M,NA,M,NA,NA,NA,NA,NA,NA,NA,NA,U,NA,NA,1,1,wet,4,mic,NA,21.01545159
28-Aug-23,SM1935,13-Apr-23,April,U,25,508,619,401,450,499,495.4,12385,0,30,4,0,0,0,0,34,,CRA,NA,neg,NA,M,NA,M,NA,NA,NA,NA,NA,NA,NA,NA,U,NA,NA,1,1,wet,4,mic,NA,28.35915251
31-Aug-23,SM1941,13-Apr-23,April,U,30,675,667,456,699,564,612.2,18366,0,52,3,5,1,2,0,63,,MAG,NA,neg,NA,M,NA,M,NA,NA,NA,NA,NA,NA,NA,NA,R,NA,NA,1,1,wet,4,mic,NA,NA
31-Aug-23,SMC024,13-Apr-23,April,U,25,603,553,594,556,692,599.6,14990,8,118,5,182,6,0,0.06779661,319,,GAMO,15-May-24,pos,Ref 1,U,M,M,0,0,16.91,NA,NA,34.75,104,43.58,R,NA,NA,1,1,wet,4,mic,PCR,49.08972779
31-Aug-23,SM1945,13-Apr-23,April,U,25,275,773,660,573,567,569.6,14240,0,49,1,84,1,0,0,135,,CRA,NA,neg,NA,M,NA,M,NA,NA,NA,NA,NA,NA,NA,NA,U,NA,NA,1,1,wet,4,mic,NA,32.94958717
31-Aug-23,SM1946,13-Apr-23,April,U,25,661,600,576,524,552,582.6,14565,25,14,9,21,2,0,1.785714286,71,,CRA,NA,neg,NA,M,NA,M,NA,NA,NA,NA,NA,NA,NA,NA,U,NA,NA,1,1,wet,4,mic,NA,34.31358988
31-Aug-23,SM1944,13-Apr-23,April,U,25,415,429,407,505,706,492.4,12310,5,65,1,227,0,0,0.076923077,298,,CRA,NA,neg,NA,M,NA,M,NA,NA,NA,NA,NA,NA,NA,NA,R,NA,NA,1,1,wet,4,mic,NA,31.84507087
31-Aug-23,SM1730,25-Apr-23,April,I,25,687,887,546,643,646,681.8,17045,6,50,0,48,1,0,0.12,105,MUESTRA PARA PCR,SCA,NA,pos,NA,M,NA,M,NA,NA,NA,NA,NA,NA,NA,NA,U,NA,NA,1,1,wet,4,mic,NA,18.32296265
31-Aug-23,RHC166,25-Apr-23,April,U,25,459,458,718,752,671,611.6,15290,9,45,1,28,1,0,0.2,84,,FOR,NA,neg,NA,M,NA,M,NA,NA,NA,NA,NA,NA,NA,NA,I,NA,NA,1,1,wet,4,mic,NA,21.4315959
31-Aug-23,SM1949,25-Apr-23,April,I,25,410,583,658,672,588,582.2,14555,0,66,0,75,2,0,0,143,MUESTRA PARA PCR,SCA,NA,pos,NA,U,NA,U,NA,NA,NA,NA,NA,NA,NA,NA,U,NA,NA,1,1,wet,4,mic,NA,17.99599353
31-Aug-23,SM1952,25-Apr-23,April,U,25,357,380,471,512,449,433.8,10845,7,54,2,12,1,0,0.12962963,76,,CRA,NA,neg,NA,M,NA,M,NA,NA,NA,NA,NA,NA,NA,NA,R,NA,NA,1,1,wet,4,mic,NA,31.01006428
9-Sep-23,SMC031,26-Apr-23,April,U,25,611,635,614,664,614,627.6,15690,16,216,6,65,4,3,0.074074074,310,,GAMO,NA,neg,NA,U,NA,U,NA,NA,NA,NA,NA,NA,NA,NA,I,NA,NA,1,1,wet,4,mic,NA,38.94411925
9-Sep-23,SM1956,26-Apr-23,April,U,25,459,542,526,590,700,563.4,14085,3,35,8,101,2,0,0.085714286,149,,MAG,NA,neg,NA,M,NA,M,NA,NA,NA,NA,NA,NA,NA,NA,U,NA,NA,1,1,wet,4,mic,NA,NA
9-Sep-23,SM1955,26-Apr-23,April,U,25,502,531,529,542,548,530.4,13260,7,56,7,10,7,0,0.125,87,,CRA,NA,neg,NA,M,NA,M,NA,NA,NA,NA,NA,NA,NA,NA,R,NA,NA,1,1,wet,4,mic,NA,33.34996229
9-Sep-23,SM1963,9-May-23,May,I,30,426,239,281,432,473,370.2,11106,5,46,0,3,4,0,0.108695652,58,MUESTRA PARA PCR,CRA,NA,pos,NA,M,NA,M,NA,NA,NA,NA,NA,NA,NA,NA,R,NA,NA,1,1,wet,5,mic,NA,29.48770742
22-Sep-23,SM1961,4-May-23,May,U,15,599,617,562,534,604,583.2,8748,0,27,1,0,1,0,0,29,,CRA,NA,neg,NA,U,NA,U,NA,NA,NA,NA,NA,NA,NA,NA,U,NA,NA,1,1,wet,5,mic,NA,19.27827869
22-Sep-23,SMC033,4-May-23,May,U,40,226,228,235,286,280,251,10040,5,172,2,14,2,5,0.029069767,200,,GAMO,NA,neg,NA,U,NA,U,NA,NA,NA,NA,NA,NA,NA,NA,U,NA,NA,1,1,wet,5,mic,NA,27.52166268
22-Sep-23,SMC034,4-May-23,May,I,30,334,367,357,441,298,359.4,10782,3,148,2,210,3,5,0.02027027,371,MUESTRA PARA PCR,GAMO,NA,pos,NA,U,NA,U,NA,NA,NA,NA,NA,NA,NA,NA,I,NA,NA,1,1,wet,5,mic,NA,35.73778491
25-Sep-23,SMA1349,4-May-23,May,U,25,540,640,468,687,514,569.8,14245,0,33,0,30,1,1,0,65,,FUL,NA,neg,NA,M,NA,M,NA,NA,NA,NA,NA,NA,NA,NA,U,NA,NA,1,1,wet,5,mic,NA,13.58300424
25-Sep-23,SM1974,5-May-23,May,U,30,391,364,286,299,447,357.4,10722,2,41,0,0,1,0,0.048780488,44,,CRA,NA,neg,NA,M,NA,M,NA,NA,NA,NA,NA,NA,NA,NA,U,NA,NA,1,1,wet,5,mic,NA,29.84290497
25-Sep-23,SM1965,5-May-23,May,U,25,447,424,452,574,430,465.4,11635,2,28,7,33,4,0,0.071428571,74,,CRA,NA,neg,NA,M,NA,M,NA,NA,NA,NA,NA,NA,NA,NA,R,NA,NA,1,1,wet,5,mic,NA,29.33050716
25-Sep-23,SM1999,9-May-23,May,U,30,403,236,342,320,399,340,10200,4,16,1,1,0,0,0.25,22,,CRA,NA,neg,NA,M,NA,M,NA,NA,NA,NA,NA,NA,NA,NA,R,NA,NA,1,1,wet,5,mic,NA,28.68257743
25-Sep-23,SM1977,9-May-23,May,I,25,366,369,414,485,510,428.8,10720,2,66,1,34,0,2,0.03030303,105,MUESTRA PARA PCR,CRA,NA,pos,NA,M,NA,M,NA,NA,NA,NA,NA,NA,NA,NA,U,NA,NA,1,1,wet,5,mic,NA,21.24274658
25-Sep-23,SMC035,10-May-23,May,U,25,629,449,591,401,433,500.6,12515,3,155,2,51,4,10,0.019354839,225,,GAMO,NA,neg,NA,U,NA,U,NA,NA,NA,NA,NA,NA,NA,NA,I,NA,NA,1,1,wet,5,mic,NA,49.7711032
25-Sep-23,SM1985,12-May-23,May,U,25,451,543,597,659,389,527.8,13195,5,25,2,36,2,0,0.2,70,,CRA,NA,neg,NA,M,NA,M,NA,NA,NA,NA,NA,NA,NA,NA,U,NA,NA,1,1,wet,5,mic,NA,28.95994304
26-Sep-23,SM1982,12-May-23,May,I,25,494,478,426,546,489,486.6,12165,13,69,4,8,1,0,0.188405797,95,MUESTRA PARA PCR,FOR,NA,pos,NA,M,NA,M,NA,NA,NA,NA,NA,NA,NA,NA,U,NA,NA,1,1,wet,5,mic,NA,18.43050845
26-Sep-23,SMA1355,16-May-23,May,U,25,402,498,591,639,389,503.8,12595,9,90,1,74,0,0,0.1,174,,FUL,NA,neg,NA,U,NA,U,NA,NA,NA,NA,NA,NA,NA,NA,U,NA,NA,1,1,wet,5,mic,NA,13.15586412
26-Sep-23,SM1991,16-May-23,May,U,30,402,436,355,359,400,390.4,11712,3,24,0,26,4,0,0.125,57,,CRA,NA,neg,NA,M,NA,M,NA,NA,NA,NA,NA,NA,NA,NA,R,NA,NA,1,1,wet,5,mic,NA,26.0356344
26-Sep-23,SM1993,16-May-23,May,U,25,434,469,559,350,535,469.4,11735,5,25,0,68,2,0,0.2,100,,FOR,NA,neg,NA,M,NA,M,NA,NA,NA,NA,NA,NA,NA,NA,R,NA,NA,1,1,wet,5,mic,NA,18.32638609
26-Sep-23,SMA1356,17-May-23,May,U,30,507,570,369,536,485,493.4,14802,3,43,0,8,3,1,0.069767442,58,,FUL,NA,neg,NA,U,NA,U,NA,NA,NA,NA,NA,NA,NA,NA,U,NA,NA,1,1,wet,5,mic,NA,13.11186276
23-Oct-23,SM1995,17-May-23,May,U,25,634,553,472,405,568,526.4,13160,3,23,2,20,2,1,0.130434783,51,,CRA,NA,neg,NA,M,NA,M,NA,NA,NA,NA,NA,NA,NA,NA,R,NA,NA,1,1,wet,5,mic,NA,43.79952609
23-Oct-23,SM2004,17-May-23,May,I,25,469,506,869,482,535,572.2,14305,3,44,3,40,3,0,0.068181818,93,MUESTRA PARA PCR,CRA,NA,pos,NA,M,NA,M,NA,NA,NA,NA,NA,NA,NA,NA,U,NA,NA,1,1,wet,5,mic,NA,31.3591139
23-Oct-23,SMA1358,18-May-23,May,U,25,471,475,435,521,457,471.8,11795,0,37,0,0,0,0,0,37,,PAR,NA,neg,NA,U,NA,U,NA,NA,NA,NA,NA,NA,NA,NA,U,NA,NA,1,1,wet,5,mic,NA,12.60955233
24-Oct-23,SMA1363,19-May-23,May,I,35,343,311,312,251,299,303.2,10612,1,82,3,3,0,0,0.012195122,89,MUESTRA PARA PCR,FUL,NA,pos,NA,M,NA,M,NA,NA,NA,NA,NA,NA,NA,NA,U,NA,NA,1,1,wet,5,mic,NA,14.26271824
24-Oct-23,RHC530,19-May-23,May,U,30,409,435,418,481,348,418.2,12546,2,51,0,6,1,0,0.039215686,60,,CRA,NA,neg,NA,M,NA,M,NA,NA,NA,NA,NA,NA,NA,NA,U,NA,NA,1,1,wet,5,mic,NA,28.75095181
24-Oct-23,SM2020,19-May-23,May,I,30,360,414,401,372,380,385.4,11562,4,50,3,18,1,0,0.08,76,MUESTRA PARA PCR,CRA,NA,pos,NA,M,NA,M,NA,NA,NA,NA,NA,NA,NA,NA,R,NA,NA,1,1,wet,5,mic,NA,29.79083597
24-Oct-23,SM2016,19-May-23,May,I,25,696,552,596,447,453,548.8,13720,3,66,0,108,1,0,0.045454545,178,MUESTRA PARA PCR,SCA,NA,pos,NA,M,NA,M,NA,NA,NA,NA,NA,NA,NA,NA,U,NA,NA,1,1,wet,5,mic,NA,19.66473721
26-Oct-23,SM2014,19-May-23,May,U,31,311,283,331,384,287,319.2,9895.2,11,102,8,65,0,2,0.107843137,188,,FOR,NA,neg,NA,U,NA,U,NA,NA,NA,NA,NA,NA,NA,NA,U,NA,NA,1,1,wet,5,mic,NA,21.07024127
26-Oct-23,SM2015,19-May-23,May,I,25,470,475,352,419,468,436.8,10920,1,22,2,14,0,0,0.045454545,39,MUESTRA PARA PCR,CRA,NA,pos,NA,M,NA,M,NA,NA,NA,NA,NA,NA,NA,NA,U,NA,NA,1,1,wet,5,mic,NA,27.06923246
26-Oct-23,SMA1361,19-May-23,May,U,25,651,727,640,692,693,680.6,17015,4,36,3,55,1,1,0.111111111,100,,FUL,NA,neg,NA,M,NA,M,NA,NA,NA,NA,NA,NA,NA,NA,U,NA,NA,1,1,wet,5,mic,NA,14.35218857
4-Jan-24,SMA1362,20-May-23,May,U,25,700,800,712,850,790,770.4,19260,4,92,1,27,1,1,0.043478261,126,,FUL,3-Jul-24,pos,#N/A,U,M,M,0,0,9.76,7.94,5.65,18.92,59,13.95,R,NA,NA,1,1,wet,5,mic,PCR,12.93684157
4-Jan-24,LF1255,30-May-23,May,U,25,480,850,556,553,700,627.8,15695,4,70,0,0,0,0,0.057142857,74,,SCA,NA,neg,NA,M,NA,M,NA,NA,NA,NA,NA,NA,NA,NA,R,NA,NA,1,1,wet,5,mic,NA,19.56788506
4-Jan-24,SM2027,30-May-23,May,U,20,300,220,256,520,552,369.6,7392,4,31,1,10,2,0,0.129032258,48,,SCA,17-Jul-24,neg,Ref 2,M,M,M,5,CP5,14.75,9.13,6.43,19.92,69,19.96,I,A,5.42,1,1,wet,5,mic,PCR,19.96331816
4-Jan-24,SM2024,30-May-23,May,U,20,360,500,652,600,621,546.6,10932,9,95,2,18,3,0,0.094736842,127,,FOR,NA,neg,NA,U,NA,U,NA,NA,NA,NA,NA,NA,NA,NA,I,NA,NA,1,1,wet,5,mic,NA,16.04173717
4-Jan-24,SM2036,30-May-23,May,U,25,325,312,291,416,662,401.2,10030,1,30,0,4,1,0,0.033333333,36,,FOR,NA,neg,NA,M,NA,M,NA,NA,NA,NA,NA,NA,NA,NA,U,NA,NA,1,1,wet,5,mic,NA,22.35362982
4-Jan-24,SMC038,30-May-23,May,U,25,514,350,601,300,419,436.8,10920,25,313,0,19,0,0,0.079872204,357,,GAMO,15-May-24,pos,#N/A,U,F,F,0,0,17.26,NA,NA,31.54,99,41.74,U,NA,NA,1,1,wet,5,mic,PCR,48.38531835
4-Jan-24,SMA1403,28-Jun-23,June,U,25,700,408,700,695,500,600.6,15015,10,86,5,13,2,0,0.11627907,116,,FUL,NA,neg,NA,U,NA,U,NA,NA,NA,NA,NA,NA,NA,NA,I,NA,NA,2,2,dry,6,mic,NA,13.83383629
4-Jan-24,SMC067,28-Jun-23,June,U,20,800,700,685,721,600,701.2,14024,3,36,1,183,1,5,0.083333333,229,,GAMO,NA,neg,NA,U,NA,U,NA,NA,NA,NA,NA,NA,NA,NA,U,NA,NA,2,2,dry,6,mic,NA,54.34654678
4-Jan-24,SMA1406,28-Jun-23,June,U,25,806,795,556,500,703,672,16800,5,51,3,12,4,0,0.098039216,75,,MYI,NA,neg,NA,U,NA,U,NA,NA,NA,NA,NA,NA,NA,NA,I,NA,NA,2,2,dry,6,mic,NA,NA
4-Jan-24,SM2117,28-Jun-23,June,U,25,386,600,634,560,669,569.8,14245,15,101,0,12,0,0,0.148514851,128,,FOR,NA,neg,NA,U,NA,U,NA,NA,NA,NA,NA,NA,NA,NA,U,NA,NA,2,2,dry,6,mic,NA,23.04143298
15-Jan-24,SM2111,28-Jun-23,June,I,25,451,477,648,300,419,459,11475,4,67,1,2,11,7,0.059701493,92,no hay muestraen las cajas,FOR,NA,pos,NA,M,NA,M,NA,NA,NA,NA,NA,NA,NA,NA,U,NA,NA,2,2,dry,6,mic,NA,16.35543469
15-Jan-24,SM2116,28-Jun-23,June,U,25,200,230,552,521,593,419.2,10480,2,24,1,8,11,0,0.083333333,46,,CRA,NA,neg,NA,M,NA,M,NA,NA,NA,NA,NA,NA,NA,NA,U,NA,NA,2,2,dry,6,mic,NA,38.55738471
15-Jan-24,SMA1405,28-Jun-23,June,U,20,369,509,605,629,692,560.8,11216,1,25,0,8,2,2,0.04,38,,PAR,NA,neg,NA,U,NA,U,NA,NA,NA,NA,NA,NA,NA,NA,U,NA,NA,2,2,dry,6,mic,NA,12.16050476
16-Jan-24,SMC064,28-Jun-23,June,U,25,507,596,558,600,539,560,14000,2,61,0,22,25,25,0.032786885,135,,GAMO,NA,neg,NA,U,NA,U,NA,NA,NA,NA,NA,NA,NA,NA,U,NA,NA,2,2,dry,6,mic,NA,51.06000094
16-Jan-24,SMC066,28-Jun-23,June,U,35,348,312,250,235,205,270,9450,1,35,0,17,10,0,0.028571429,63,,MELA,NA,neg,NA,U,NA,U,NA,NA,NA,NA,NA,NA,NA,NA,U,NA,NA,2,2,dry,6,mic,NA,NA
16-Jan-24,SMA1398,28-Jun-23,June,U,25,700,649,538,685,644,643.2,16080,2,90,0,30,15,0,0.022222222,137,,PAR,NA,neg,NA,U,NA,U,NA,NA,NA,NA,NA,NA,NA,NA,U,NA,NA,2,2,dry,6,mic,NA,12.79456568
16-Jan-24,SMC065,28-Jun-23,June,U,25,608,767,692,800,572,687.8,17195,4,155,2,62,1,0,0.025806452,224,,GAMO,NA,neg,NA,U,NA,U,NA,NA,NA,NA,NA,NA,NA,NA,U,NA,NA,2,2,dry,6,mic,NA,51.06000094
17-Jan-24,SM2078,7-Jun-23,June,I,25,580,639,800,400,580,599.8,14995,11,47,0,2,2,0,0.234042553,62,,FOR,NA,pos,NA,M,NA,M,NA,NA,NA,NA,NA,NA,NA,NA,U,NA,NA,2,2,dry,6,mic,NA,24.50081887
17-Jan-24,SMA1377,7-Jun-23,June,U,25,596,584,519,516,543,551.6,13790,2,37,0,9,2,0,0.054054054,50,,FUL,NA,neg,NA,M,NA,M,NA,NA,NA,NA,NA,NA,NA,NA,R,NA,NA,2,2,dry,6,mic,NA,14.74370345
17-Jan-24,SM2092,20-Jun-23,June,I,25,695,725,800,678,537,687,17175,0,92,0,85,3,50,0,230,MUESTRA PARA PCR,FOR,NA,pos,NA,U,NA,U,NA,NA,NA,NA,NA,NA,NA,NA,U,NA,NA,2,2,dry,6,mic,NA,17.53109842
17-Jan-24,SMC061,20-Jun-23,June,U,25,300,521,565,712,625,544.6,13615,0,154,0,7,6,12,0,179,,GAMO,NA,neg,NA,U,NA,U,NA,NA,NA,NA,NA,NA,NA,NA,U,NA,NA,2,2,dry,6,mic,NA,39.24751505
17-Jan-24,SM2096,21-Jun-23,June,U,25,305,352,583,526,750,503.2,12580,2,125,0,1,2,0,0.016,130,,CRA,NA,neg,NA,M,NA,M,NA,NA,NA,NA,NA,NA,NA,NA,R,NA,NA,2,2,dry,6,mic,NA,35.58783252
26-Feb-24,SMC051,13-Jun-23,June,U,25,301,292,270,231,264,271.6,6790,0,48,0,0,0,0,0,48,,GAMO,NA,neg,NA,U,NA,U,NA,NA,NA,NA,NA,NA,NA,NA,U,NA,NA,2,2,dry,6,mic,NA,41.87132537
26-Feb-24,SMC059,20-Jun-23,June,U,25,429,333,306,369,310,349.4,8735,4,114,2,90,8,0,0.035087719,218,muchos trombosites,GAMO,NA,neg,NA,U,NA,U,NA,NA,NA,NA,NA,NA,NA,NA,I,NA,NA,2,2,dry,6,mic,NA,42.48302077
27-Feb-24,SMC052,13-Jun-23,June,I,25,494,537,604,604,528,553.4,13835,4,117,1,40,6,0,0.034188034,168,,GAMO,NA,pos,NA,U,NA,U,NA,NA,NA,NA,NA,NA,NA,NA,U,NA,NA,2,2,dry,6,mic,NA,44.83402599
27-Feb-24,SMC054,13-Jun-23,June,U,25,309,392,433,540,394,413.6,10340,1,105,2,83,1,0,0.00952381,192,,GAMO,NA,neg,NA,U,NA,U,NA,NA,NA,NA,NA,NA,NA,NA,I,NA,NA,2,2,dry,6,mic,NA,47.94937008
27-Feb-24,SMC058,14-Jun-23,June,U,25,242,230,197,336,373,275.6,6890,0,47,2,15,1,0,0,65,,GAMO,NA,neg,NA,U,NA,U,NA,NA,NA,NA,NA,NA,NA,NA,U,NA,NA,2,2,dry,6,mic,NA,37.58649142
1-Mar-24,SMC046,7-Jun-23,June,U,25,369,372,380,314,432,373.4,9335,10,150,0,63,1,3,0.066666667,227,,GAMO,NA,neg,NA,U,NA,U,NA,NA,NA,NA,NA,NA,NA,NA,I,NA,NA,2,2,dry,6,mic,NA,42.76589098
1-Mar-24,SM2075,13-Jun-23,June,U,25,738,674,548,506,560,605.2,15130,20,165,0,52,11,0,0.121212121,248,,CRA,NA,neg,NA,M,NA,M,NA,NA,NA,NA,NA,NA,NA,NA,R,NA,NA,2,2,dry,6,mic,NA,40.91077293
1-Mar-24,SMC057,13-Jun-23,June,I,25,396,472,520,410,541,467.8,11695,3,70,0,54,0,1,0.042857143,128,,GAMO,NA,pos,NA,U,NA,U,NA,NA,NA,NA,NA,NA,NA,NA,I,NA,NA,2,2,dry,6,mic,NA,54.04082383
5-Mar-24,SMC044,6-Jun-23,June,U,25,394,358,332,448,509,408.2,10205,11,61,2,30,14,1,0.180327869,119,,GAMO,NA,neg,NA,U,NA,U,NA,NA,NA,NA,NA,NA,NA,NA,U,NA,NA,2,2,dry,6,mic,NA,48.33408172
5-Mar-24,SM2077,13-Jun-23,June,I,25,742,708,563,494,454,592.2,14805,57,54,5,41,3,NA,1.055555556,160,,FOR,NA,pos,NA,M,NA,M,NA,NA,NA,NA,NA,NA,NA,NA,U,NA,NA,2,2,dry,6,mic,NA,31.29571644
8-Mar-24,SMA1378,7-Jun-23,June,U,25,590,433,559,497,543,524.4,13110,8,58,1,2,3,1,0.137931034,73,,FUL,NA,neg,NA,U,NA,U,NA,NA,NA,NA,NA,NA,NA,NA,U,NA,NA,2,2,dry,6,mic,NA,14.65479994
8-Mar-24,SM2139,30-Jun-23,June,U,25,634,679,660,572,650,639,15975,1,132,2,21,0,0,0.007575758,156,,FOR,NA,neg,NA,U,NA,U,NA,NA,NA,NA,NA,NA,NA,NA,I,NA,NA,2,2,dry,6,mic,NA,19.73846861
8-Mar-24,SM2146,4-Jul-23,July,U,25,561,584,566,766,379,571.2,14280,0,65,1,10,1,0,0,77,,FOR,NA,neg,NA,U,NA,U,NA,NA,NA,NA,NA,NA,NA,NA,U,NA,NA,2,2,dry,7,mic,NA,21.97495651
8-Mar-24,SMA1417,4-Jul-23,July,U,25,486,320,286,317,319,345.6,8640,3,32,0,5,0,0,0.09375,40,,FUL,NA,neg,NA,U,NA,U,NA,NA,NA,NA,NA,NA,NA,NA,U,NA,NA,2,2,dry,7,mic,NA,13.26982915
11-Mar-24,SMC072,30-Jun-23,June,U,25,440,430,548,541,384,468.6,11715,4,145,0,17,15,2,0.027586207,183,,GAMO,NA,neg,NA,U,NA,U,NA,NA,NA,NA,NA,NA,NA,NA,U,NA,NA,2,2,dry,6,mic,NA,55.51811975
11-Mar-24,SMC082,3-Aug-23,August,U,25,382,340,394,600,482,439.6,10990,6,245,0,12,7,1,0.024489796,271,,GAMO,NA,neg,NA,U,NA,U,NA,NA,NA,NA,NA,NA,NA,NA,U,NA,NA,2,2,dry,8,mic,NA,55.04732724
14-Mar-24,SMC083,3-Aug-23,August,U,25,460,446,393,522,354,435,10875,4,24,0,9,1,0,0.166666667,38,,GAMO,NA,neg,NA,U,NA,U,NA,NA,NA,NA,NA,NA,NA,NA,U,NA,NA,2,2,dry,8,mic,NA,38.45263956
14-Mar-24,SMA1513,3-Aug-23,August,U,25,421,413,313,305,365,363.4,9085,5,81,0,26,4,0,0.061728395,116,,FUL,NA,neg,NA,U,NA,U,NA,NA,NA,NA,NA,NA,NA,NA,I,NA,NA,2,2,dry,8,mic,NA,11.09998462
14-Mar-24,SMC081,3-Aug-23,August,U,25,442,439,433,377,311,400.4,10010,6,205,0,29,4,0,0.029268293,244,,GAMO,NA,neg,NA,U,NA,U,NA,NA,NA,NA,NA,NA,NA,NA,I,NA,NA,2,2,dry,8,mic,NA,49.4816772
19-Mar-24,SMC084,8-Aug-23,August,U,25,484,327,304,365,345,365,9125,1,242,1,39,5,0,0.004132231,288,,GAMO,NA,neg,NA,U,NA,U,NA,NA,NA,NA,NA,NA,NA,NA,I,NA,NA,2,2,dry,8,mic,NA,43.31560138
19-Mar-24,SMA1524,8-Aug-23,August,U,25,677,649,538,455,526,569,14225,10,75,5,6,5,0,0.133333333,101,,FUL,NA,neg,NA,U,NA,U,NA,NA,NA,NA,NA,NA,NA,NA,I,NA,NA,2,2,dry,8,mic,NA,13.83169883
20-Mar-24,SMA1527,8-Aug-23,August,U,25,603,532,615,518,498,553.2,13830,13,28,0,0,0,0,0.464285714,41,,FUL,NA,neg,NA,F,NA,F,NA,NA,NA,NA,NA,NA,NA,NA,R,NA,NA,2,2,dry,8,mic,NA,13.89583447
20-Mar-24,SMA1544,10-Aug-23,August,U,25,640,677,456,497,477,549.4,13735,6,64,0,13,0,1,0.09375,84,,FUL,NA,neg,NA,M,NA,M,NA,NA,NA,NA,NA,NA,NA,NA,U,NA,NA,2,2,dry,8,mic,NA,15.02344007
21-Mar-24,SMA1415,30-Jun-23,June,U,25,359,352,475,485,447,423.6,10590,0,21,0,4,2,0,0,27,,PAR,NA,neg,NA,U,NA,U,NA,NA,NA,NA,NA,NA,NA,NA,U,NA,NA,2,2,dry,6,mic,NA,11.16804674
21-Mar-24,SMA1412,30-Jun-23,June,U,25,361,351,361,540,590,440.6,11015,5,71,1,0,5,0,0.070422535,82,,PAR,NA,neg,NA,U,NA,U,NA,NA,NA,NA,NA,NA,NA,NA,U,NA,NA,2,2,dry,6,mic,NA,11.84027215
2-Apr-24,SMA1525,8-Aug-23,August,U,25,385,410,349,388,372,380.8,9520,12,35,0,0,3,0,0.342857143,50,,PAR,NA,neg,NA,U,NA,U,NA,NA,NA,NA,NA,NA,NA,NA,I,NA,NA,2,2,dry,8,mic,NA,11.63045443
2-Apr-24,SMA1528,8-Aug-23,August,U,25,520,499,566,521,595,540.2,13505,11,28,0,30,6,0,0.392857143,75,,PAR,NA,neg,NA,U,NA,U,NA,NA,NA,NA,NA,NA,NA,NA,U,NA,NA,2,2,dry,8,mic,NA,10.91346232
2-Apr-24,SMA1520,8-Aug-23,August,U,25,547,569,549,491,495,530.2,13255,4,36,1,20,6,0,0.111111111,67,,PAR,3-Jul-24,neg,#N/A,U,M,M,0,0,7.56,7.02,4.76,19.15,65,12.37,U,NA,NA,2,2,dry,8,mic,PCR,12.20386929
2-Apr-24,SMS1540,20-Aug-23,August,U,25,418,498,550,547,430,488.6,12215,4,19,0,0,1,0,0.210526316,24,,PAR,NA,neg,NA,U,NA,U,NA,NA,NA,NA,NA,NA,NA,NA,U,NA,NA,2,2,dry,8,mic,NA,11.55454544
10-Apr-24,SM2321,23-Aug-23,August,I,25,480,537,533,410,429,477.8,11945,8,96,4,0,0,0,0.083333333,108,,FOR,NA,pos,NA,M,NA,M,NA,NA,NA,NA,NA,NA,NA,NA,U,NA,NA,2,2,dry,8,mic,NA,19.74641944
10-Apr-24,SMA1586,5-Sep-23,September,I,25,450,410,433,456,570,463.8,11595,1,72,4,16,1,0,0.013888889,94,,FUL,NA,pos,NA,M,NA,M,NA,NA,NA,NA,NA,NA,NA,NA,U,NA,NA,3,2,dry,9,mic,NA,13.45931708
11-Apr-24,SMA1564,17-Aug-23,August,I,25,417,550,673,558,325,504.6,12615,5,20,0,0,1,0,0.25,26,,FUL,NA,pos,NA,U,NA,U,NA,NA,NA,NA,NA,NA,NA,NA,I,NA,NA,2,2,dry,8,mic,NA,11.05704205
11-Apr-24,SMA1571,23-Aug-23,August,I,25,436,525,498,522,639,524,13100,10,55,5,6,3,0,0.181818182,79,,SCA,NA,pos,NA,M,NA,M,NA,NA,NA,NA,NA,NA,NA,NA,U,NA,NA,2,2,dry,8,mic,NA,20.82195329
NA,SMA1259,2-Feb-23,Feb,NA,NA,NA,NA,NA,NA,NA,NA,NA,NA,NA,NA,NA,NA,NA,NA,NA,NA,FUL,3-Jul-24,neg,#N/A,U, M,M,0,0,8.46,7.9,7.01,17.94,59,14.69,R,NA,NA,1,1,wet,2,NA,PCR,14.35614741
NA,SMA1287,7-Feb-23,Feb,NA,NA,NA,NA,NA,NA,NA,NA,NA,NA,NA,NA,NA,NA,NA,NA,NA,NA,FUL,2-Jul-24,pos,Ref 2,U,F,F,0,0,9.92,7.35,5.58,18.62,60,12.38,I,D,NA,1,1,wet,2,NA,PCR,11.6631266
NA,SM1923,11-Apr-23,Apr,NA,NA,NA,NA,NA,NA,NA,NA,NA,NA,NA,NA,NA,NA,NA,NA,NA,NA,SCA,3-Jul-24,pos,#N/A,F,F,F,0,BP,14.04,7.97,6.11,21.47,68,21.36,I,B,4.5,1,1,wet,4,NA,PCR,19.78628123
NA,SMC025,14-Apr-23,Apr,NA,NA,NA,NA,NA,NA,NA,NA,NA,NA,NA,NA,NA,NA,NA,NA,NA,NA,GAMO,15-May-24,neg,#N/A,F,F,F,0,BP,12.18,NA,NA,31.2,105,40.86,U,NA,NA,1,1,wet,4,NA,PCR,49.03496383
NA,SMC026,14-Apr-23,Apr,NA,NA,NA,NA,NA,NA,NA,NA,NA,NA,NA,NA,NA,NA,NA,NA,NA,NA,GAMO,4-Jun-24,pos,#N/A,U,F,F,0,0,12.9,NA,NA,35.1,101,44.56,I,D,10.7,1,1,wet,4,NA,PCR,36.69800435
NA,SMC036,12-May-23,May,NA,NA,NA,NA,NA,NA,NA,NA,NA,NA,NA,NA,NA,NA,NA,NA,NA,NA,GAMO,15-May-24,neg,#N/A,M,M,M,0,CP1,15.8,NA,NA,34.9,106,43.91,R,NA,NA,1,1,wet,5,NA,PCR,36.82930142
NA,SMC045,6-Jun-23,Jun,NA,NA,NA,NA,NA,NA,NA,NA,NA,NA,NA,NA,NA,NA,NA,NA,NA,NA,GAMO,5-Jun-24,pos,#N/A,U,F,F,0,0,15.2,NA,NA,35.7,101,45.91,U,NA,NA,2,2,dry,6,NA,PCR,35.81579798
NA,SMC055,13-Jun-23,Jun,NA,NA,NA,NA,NA,NA,NA,NA,NA,NA,NA,NA,NA,NA,NA,NA,NA,NA,GAMO,30-May-24,neg,Ref 1,U,M,M,0,0,13.93,NA,NA,35.18,106,45.58,I,A,6.5,2,2,dry,6,NA,PCR,37.26585796
NA,SM2101,21-Jun-23,Jun,NA,NA,NA,NA,NA,NA,NA,NA,NA,NA,NA,NA,NA,NA,NA,NA,NA,NA,CRA,17-May-24,pos,#N/A,M,M,M,5,0,10.66,11.19,7.55,28.85,81,23.9,R,NA,NA,2,2,dry,6,NA,PCR,19.69619772
NA,SMC070,24-Jun-23,Jun,NA,NA,NA,NA,NA,NA,NA,NA,NA,NA,NA,NA,NA,NA,NA,NA,NA,NA,GAMO,30-May-24,pos,#N/A,U,F,F,0,0,17.24,NA,NA,31.48,100,39.24,U,NA,NA,2,2,dry,6,NA,PCR,45.76501096
NA,SM2108,28-Jun-23,Jun,NA,NA,NA,NA,NA,NA,NA,NA,NA,NA,NA,NA,NA,NA,NA,NA,NA,NA,CRA,16-May-24,pos,#N/A,M,M,M,4,CP1,10.24,10.21,5.71,25.53,78,36,R,NA,NA,2,2,dry,6,NA,PCR,34.67830999
NA,SM2119,29-Jun-23,Jun,NA,NA,NA,NA,NA,NA,NA,NA,NA,NA,NA,NA,NA,NA,NA,NA,NA,NA,SCA,3-Jul-24,pos,#N/A,F,F,F,0,BP,14.65,8.61,6.6,20.3,65,20.88,R,NA,NA,2,2,dry,6,NA,PCR,20.48342947
NA,SM2120,29-Jun-23,Jun,NA,NA,NA,NA,NA,NA,NA,NA,NA,NA,NA,NA,NA,NA,NA,NA,NA,NA,SCA,3-Jul-24,pos,#N/A,M,M,M,5,CP1,15.98,9.67,7.14,21.75,70,21.37,R,NA,NA,2,2,dry,6,NA,PCR,19.53474219
NA,SMC071,30-Jun-23,Jun,NA,NA,NA,NA,NA,NA,NA,NA,NA,NA,NA,NA,NA,NA,NA,NA,NA,NA,FOR,2-Jul-24,pos,#N/A,F,F,F,0,BP,14.88,14.54,8.83,22.68,74,29.22,R,NA,NA,2,2,dry,6,NA,PCR,22.80430449
NA,SM2160,4-Jul-23,Jul,NA,NA,NA,NA,NA,NA,NA,NA,NA,NA,NA,NA,NA,NA,NA,NA,NA,NA,FOR,1-Jul-24,pos,#N/A,M,M,M,2,0,12.87,11.87,7.39,21.09,69,19.42,I,B,6.52,2,2,dry,7,NA,PCR,17.74352735
NA,SM2165,4-Jul-23,Jul,NA,NA,NA,NA,NA,NA,NA,NA,NA,NA,NA,NA,NA,NA,NA,NA,NA,NA,FOR,2-Jul-24,pos,#N/A,U,F,F,0,0,12.8,10.9,6.9,20.3,64,17.52,R,NA,NA,2,2,dry,7,NA,PCR,17.38925234
NA,SM2155,4-Jul-23,Jul,NA,NA,NA,NA,NA,NA,NA,NA,NA,NA,NA,NA,NA,NA,NA,NA,NA,NA,SCA,3-Jul-24,pos,#N/A,M,M,M,2,0,16.74,9.07,6.74,21.18,70,19.08,I,A,4.34,2,2,dry,7,NA,PCR,17.92200143
NA,SM2159,4-Jul-23,Jul,NA,NA,NA,NA,NA,NA,NA,NA,NA,NA,NA,NA,NA,NA,NA,NA,NA,NA,SCA,3-Jul-24,pos,#N/A,U,F,F,0,0,13.59,8.18,6.99,20.3,65,18.74,I,B,5.22,2,2,dry,7,NA,PCR,18.38407415
NA,SMA1429,5-Jul-23,Jul,NA,NA,NA,NA,NA,NA,NA,NA,NA,NA,NA,NA,NA,NA,NA,NA,NA,NA,FUL,1-Jul-24,neg,#N/A,F,F,F,0,BP,9.71,7.59,5.59,17.32,59,13.53,U,NA,NA,2,2,dry,7,NA,PCR,13.68881503
NA,JP5426,5-Jul-23,Jul,NA,NA,NA,NA,NA,NA,NA,NA,NA,NA,NA,NA,NA,NA,NA,NA,NA,NA,SCA,4-Jul-24,pos,#N/A,M,M,M,5,CP5,16.67,9.58,7.44,20.83,71,21.9,R,NA,NA,2,2,dry,7,NA,PCR,20.92470769
NA,SM2187,6-Jul-23,Jul,NA,NA,NA,NA,NA,NA,NA,NA,NA,NA,NA,NA,NA,NA,NA,NA,NA,NA,FOR,1-Jul-24,neg,#N/A,F,F,F,0,BP,14.15,13.24,8.84,21.42,73,24.94,U,NA,NA,2,2,dry,7,NA,PCR,22.03254972
NA,SM2195,6-Jul-23,Jul,NA,NA,NA,NA,NA,NA,NA,NA,NA,NA,NA,NA,NA,NA,NA,NA,NA,NA,SCA,4-Jul-24,pos,#N/A,F,F,F,0,BP,17.39,9.07,7.23,19.79,65,19.45,R,NA,NA,2,2,dry,7,NA,PCR,19.58404134
NA,SMC076,19-Jul-23,Jul,NA,NA,NA,NA,NA,NA,NA,NA,NA,NA,NA,NA,NA,NA,NA,NA,NA,NA,GAMO,15-May-24,pos,#N/A,U,F,F,0,0,15.22,NA,NA,31.9,101,43.1,U,NA,NA,2,2,dry,7,NA,PCR,48.18177373
NA,SMC080,1-Aug-23,Aug,NA,NA,NA,NA,NA,NA,NA,NA,NA,NA,NA,NA,NA,NA,NA,NA,NA,NA,FOR,1-Jul-24,pos,Ref 2,U,F,F,0,0,11.5,10.2,7.5,21.3,68,32.84,I,D,10.3,2,2,dry,8,NA,PCR,29.36719542
NA,SMA1483,1-Aug-23,Aug,NA,NA,NA,NA,NA,NA,NA,NA,NA,NA,NA,NA,NA,NA,NA,NA,NA,NA,PAR,3-Jul-24,neg,#N/A,U,M,M,0,0,9.37,7.42,5.36,20.02,61,13.68,I,B,4.19,2,2,dry,8,NA,PCR,12.77506845
NA,SMA1491,1-Aug-23,Aug,NA,NA,NA,NA,NA,NA,NA,NA,NA,NA,NA,NA,NA,NA,NA,NA,NA,NA,PAR,3-Jul-24,pos,#N/A,U,M,M,0,0,18.9,7.5,5.4,19.3,63,12.43,U,NA,NA,2,2,dry,8,NA,PCR,12.1453616
NA,SMA1518,3-Aug-23,Aug,NA,NA,NA,NA,NA,NA,NA,NA,NA,NA,NA,NA,NA,NA,NA,NA,NA,NA,PAR,3-Jul-24,pos,#N/A,U,M,M,0,0,7,6.6,4.4,18.6,61,12.77,I,A,3.3,2,2,dry,8,NA,PCR,13.06058071
NA,SMA1515,3-Aug-23,Aug,NA,NA,NA,NA,NA,NA,NA,NA,NA,NA,NA,NA,NA,NA,NA,NA,NA,NA,PAR,3-Jul-24,pos,#N/A,U,M,M,0,0,7.9,7,4.3,19,62,12.66,U,NA,NA,2,2,dry,8,NA,PCR,12.61197258
NA,SM2276,8-Aug-23,Aug,NA,NA,NA,NA,NA,NA,NA,NA,NA,NA,NA,NA,NA,NA,NA,NA,NA,NA,FOR,2-Jul-24,neg,#N/A,U,F,F,0,0,12.09,10.63,7.05,21.13,68,21.06,I,A,6.33,2,2,dry,8,NA,PCR,19.16304624
NA,SM2286,8-Aug-23,Aug,NA,NA,NA,NA,NA,NA,NA,NA,NA,NA,NA,NA,NA,NA,NA,NA,NA,NA,FOR,2-Jul-24,neg,#N/A,U,F,F,0,0,11.7,11.3,7.6,19.5,66,18.05,I,B,5.7,2,2,dry,8,NA,PCR,19.54746066
NA,SMA1521,8-Aug-23,Aug,NA,NA,NA,NA,NA,NA,NA,NA,NA,NA,NA,NA,NA,NA,NA,NA,NA,NA,PAR,3-Jul-24,pos,#N/A,M,M,M,3,0,7.46,6.64,4.77,19.76,62,13.75,R,NA,NA,2,2,dry,8,NA,PCR,13.04960242
NA,SM2294,10-Aug-23,Aug,NA,NA,NA,NA,NA,NA,NA,NA,NA,NA,NA,NA,NA,NA,NA,NA,NA,NA,FOR,17-May-24,pos,Ref 1,F,M,M,0,BP,14.74,13.91,9.05,20.24,74,25.9,I,C,9.79,2,2,dry,8,NA,PCR,25.87225802
NA,SMC085,15-Aug-23,Aug,NA,NA,NA,NA,NA,NA,NA,NA,NA,NA,NA,NA,NA,NA,NA,NA,NA,NA,GAMO,30-May-24,pos,#N/A,M,F,F,0,CP1,13.75,NA,NA,33.68,104,40.84,U,NA,NA,2,2,dry,8,NA,PCR,38.38068774
NA,SM2329,5-Sep-23,Sep,NA,NA,NA,NA,NA,NA,NA,NA,NA,NA,NA,NA,NA,NA,NA,NA,NA,NA,SCA,4-Jul-24,pos,#N/A,M,M,M,5,0,13.68,8.89,6.72,19.58,70,22.15,R,NA,NA,3,2,dry,9,NA,PCR,22.54751491
NA,SMC093,14-Sep-23,Sep,NA,NA,NA,NA,NA,NA,NA,NA,NA,NA,NA,NA,NA,NA,NA,NA,NA,NA,FOR,5-Jun-24,pos,Ref 2,F,F,F,0,BP,14,14.1,8.7,20.5,69,20.25,I,D,7.5,3,2,dry,9,NA,PCR,19.67607394
NA,SMC088,14-Sep-23,Sep,NA,NA,NA,NA,NA,NA,NA,NA,NA,NA,NA,NA,NA,NA,NA,NA,NA,NA,GAMO,30-May-24,neg,#N/A,U,M,M,0,0,19.6,NA,NA,32.9,111,48.52,U,NA,NA,3,2,dry,9,NA,PCR,49.14464742
NA,SMA1676,10-Oct-23,Oct,NA,NA,NA,NA,NA,NA,NA,NA,NA,NA,NA,NA,NA,NA,NA,NA,NA,NA,FUL,3-Jul-24,neg,#N/A,U,F,F,0,0,9.5,7,5.5,16.6,60,13.47,R,NA,NA,3,2,dry,10,NA,PCR,14.21041362
NA,SMC096,11-Oct-23,Oct,NA,NA,NA,NA,NA,NA,NA,NA,NA,NA,NA,NA,NA,NA,NA,NA,NA,NA,GAMO,17-May-24,pos,#N/A,U,F,F,0,0,15.4,NA,NA,32.2,103,40.9,R,NA,NA,3,2,dry,10,NA,PCR,44.37458978
NA,SM2414,17-Oct-23,Oct,NA,NA,NA,NA,NA,NA,NA,NA,NA,NA,NA,NA,NA,NA,NA,NA,NA,NA,CRA,15-May-24,neg,#N/A,M,M,M,5,CP2,10.26,11.18,6.64,23.72,79,30.39,R,NA,NA,3,2,dry,10,NA,PCR,32.15508647
NA,SM1766,18-Oct-23,Oct,NA,NA,NA,NA,NA,NA,NA,NA,NA,NA,NA,NA,NA,NA,NA,NA,NA,NA,CRA,5-Jun-24,pos,#N/A,M,M,M,5,0,11.9,11.6,8,25.5,85,28.69,R,NA,NA,3,2,dry,10,NA,PCR,27.67819407
NA,SM2426,20-Oct-23,Oct,NA,NA,NA,NA,NA,NA,NA,NA,NA,NA,NA,NA,NA,NA,NA,NA,NA,NA,CRA,5-Jun-24,neg,#N/A,M,M,M,5,0,11.9,11.59,7.92,24.29,82,27.51,R,NA,NA,3,2,dry,10,NA,PCR,28.23879657
NA,SMC097,20-Oct-23,Oct,NA,NA,NA,NA,NA,NA,NA,NA,NA,NA,NA,NA,NA,NA,NA,NA,NA,NA,GAMO,16-May-24,neg,#N/A,M,F,F,0,CP5,16.48,NA,NA,30.07,103,38.03,R,NA,NA,3,2,dry,10,NA,PCR,51.35063909
NA,SM2435,24-Oct-23,Oct,NA,NA,NA,NA,NA,NA,NA,NA,NA,NA,NA,NA,NA,NA,NA,NA,NA,NA,CRA,4-Jun-24,pos,#N/A,M,M,M,4,0,10.41,10.48,6.55,26.32,81,29.77,R,NA,NA,3,2,dry,10,NA,PCR,27.58296181
NA,SM132,27-Oct-23,Oct,NA,NA,NA,NA,NA,NA,NA,NA,NA,NA,NA,NA,NA,NA,NA,NA,NA,NA,FUL,3-Jul-24,neg,#N/A,M,M,M,5,CP1,10.28,7.6,5.4,17.08,62,14.41,R,NA,NA,3,2,dry,10,NA,PCR,14.78099752
NA,SMA1770,27-Oct-23,Oct,NA,NA,NA,NA,NA,NA,NA,NA,NA,NA,NA,NA,NA,NA,NA,NA,NA,NA,FUL,3-Jul-24,pos,#N/A,M,M,M,5,CP1,10.1,7.2,5.6,16,63,13,R,NA,NA,3,2,dry,10,NA,PCR,14.22124362
NA,SM2474,5-Dec-23,Dec,NA,NA,NA,NA,NA,NA,NA,NA,NA,NA,NA,NA,NA,NA,NA,NA,NA,NA,CRA,4-Jun-24,pos,#N/A,M,M,M,4,CP4,10.52,11.43,7.47,28.7,85,32.21,R,NA,NA,4,2,dry,12,NA,PCR,26.72175068
NA,SMA1848,12-Dec-23,Dec,NA,NA,NA,NA,NA,NA,NA,NA,NA,NA,NA,NA,NA,NA,NA,NA,NA,NA,FUL,3-Jul-24,pos,#N/A,M,M,M,5,0,10.47,8.48,5.94,18.67,64,14.31,R,NA,NA,4,2,dry,12,NA,PCR,13.44578959
NA,SM2519,14-Dec-23,Dec,NA,NA,NA,NA,NA,NA,NA,NA,NA,NA,NA,NA,NA,NA,NA,NA,NA,NA,CRA,17-May-24,pos,#N/A,M,M,M,4,CP4,10.48,11.74,6.91,24.73,80,49,U,NA,NA,4,2,dry,12,NA,PCR,49.15865858
NA,SMA1890,18-Dec-23,Dec,NA,NA,NA,NA,NA,NA,NA,NA,NA,NA,NA,NA,NA,NA,NA,NA,NA,NA,FUL,3-Jul-24,neg,#N/A,F,M,M,0,0,9.22,7.54,5.76,16.97,61,13.69,U,NA,NA,4,2,dry,12,NA,PCR,14.13215336
NA,JP4878,22-Dec-23,Dec,NA,NA,NA,NA,NA,NA,NA,NA,NA,NA,NA,NA,NA,NA,NA,NA,NA,NA,CRA,16-May-24,pos,#N/A,M,M,M,5,CP5,12.07,11.53,7.59,25.25,81,29.25,U,NA,NA,4,2,dry,12,NA,PCR,28.57554801
NA,SM2554,5-Jan-24,Jan,NA,NA,NA,NA,NA,NA,NA,NA,NA,NA,NA,NA,NA,NA,NA,NA,NA,NA,CRA,16-May-24,pos,#N/A,M,M,M,5,CP5,11.79,11.46,7.55,23.74,80,30.23,U,NA,NA,5,3,wet,13,NA,PCR,31.95140242
NA,SMA1913,5-Jan-24,Jan,NA,NA,NA,NA,NA,NA,NA,NA,NA,NA,NA,NA,NA,NA,NA,NA,NA,NA,PAR,30-May-24,neg,#N/A,M,M,M,1,CP2,8.78,7.07,4.64,18.89,61,12.15,U,NA,NA,5,3,wet,13,NA,PCR,12.19109081
NA,SMA1907,5-Jan-24,Jan,NA,NA,NA,NA,NA,NA,NA,NA,NA,NA,NA,NA,NA,NA,NA,NA,NA,NA,PAR,5-Jun-24,neg,#N/A,U,M,M,0,0,9.23,7.02,5.58,19.3,61,13.42,I,A,1.98,5,3,wet,13,NA,PCR,13.11269129
NA,SMA1184,7-Jan-24,Jan,NA,NA,NA,NA,NA,NA,NA,NA,NA,NA,NA,NA,NA,NA,NA,NA,NA,NA,PAR,5-Jun-24,neg,#N/A,U,F,F,0,0,7.89,6.74,4.73,18.06,61,12.23,I,A,4.68,5,3,wet,13,NA,PCR,12.97221255
NA,SM2572,18-Jan-24,Jan,NA,NA,NA,NA,NA,NA,NA,NA,NA,NA,NA,NA,NA,NA,NA,NA,NA,NA,FOR,1-Jul-24,neg,Ref 2,M,M,M,2,0,12.38,13.08,11,20.16,68,21.74,I,B,5.24,5,3,wet,13,NA,PCR,21.90402912
NA,SM2575,18-Jan-24,Jan,NA,NA,NA,NA,NA,NA,NA,NA,NA,NA,NA,NA,NA,NA,NA,NA,NA,NA,FOR,17-Jul-24,neg,#N/A,U,F,F,0,0,10.95,10.39,8.78,17.71,65,17.47,R,NA,NA,5,3,wet,13,NA,PCR,23.31240597
NA,SM2606,22-Jan-24,Jan,NA,NA,NA,NA,NA,NA,NA,NA,NA,NA,NA,NA,NA,NA,NA,NA,NA,NA,FOR,4-Jun-24,neg,Ref 2,U,F,F,0,0,13,11.96,7.44,18.63,69,18,I,D,10,5,3,wet,13,NA,PCR,21.52140013
NA,SMA1980,22-Jan-24,Jan,NA,NA,NA,NA,NA,NA,NA,NA,NA,NA,NA,NA,NA,NA,NA,NA,NA,NA,FUL,2-Jul-24,neg,Ref 1,M,M,M,1,CP1,10.16,7.07,5.1,17.16,63,13.49,I,C,7.69,5,3,wet,13,NA,PCR,13.77373972
NA,SMA2000,22-Jan-24,Jan,NA,NA,NA,NA,NA,NA,NA,NA,NA,NA,NA,NA,NA,NA,NA,NA,NA,NA,FUL,2-Jul-24,neg,Ref 2,M,M,M,2,0,8.55,6.91,4.81,15.77,61,12.32,I,C,4.33,5,3,wet,13,NA,PCR,13.67104075
NA,SMC100,22-Jan-24,Jan,NA,NA,NA,NA,NA,NA,NA,NA,NA,NA,NA,NA,NA,NA,NA,NA,NA,NA,GAMO,15-May-24,pos,#N/A,U,F,F,0,0,13.55,NA,NA,32.75,NA,31.14,U,NA,NA,5,3,wet,13,NA,PCR,32.00500059
NA,SMA2009,23-Jan-24,Jan,NA,NA,NA,NA,NA,NA,NA,NA,NA,NA,NA,NA,NA,NA,NA,NA,NA,NA,FUL,2-Jul-24,neg,mixed infection,M,M,M,2,0,8.39,7.97,6.36,16.39,59,15.96,I,C,5.32,5,3,wet,13,NA,PCR,17.04985011
NA,SMA2023,23-Jan-24,Jan,NA,NA,NA,NA,NA,NA,NA,NA,NA,NA,NA,NA,NA,NA,NA,NA,NA,NA,FUL,17-Jul-24,pos,#N/A,F,F,F,0,BP,9.49,7.07,6.27,17.29,58,14.29,R,NA,NA,5,3,wet,13,NA,PCR,14.48245572
NA,SM2658,24-Jan-24,Jan,NA,NA,NA,NA,NA,NA,NA,NA,NA,NA,NA,NA,NA,NA,NA,NA,NA,NA,SCA,4-Jul-24,neg,#N/A,N,F,F,0,NA,9.92,NA,NA,16.78,22.11,25.29,U,NA,NA,5,3,wet,13,NA,PCR,30.14902021
NA,SM2635,25-Jan-24,Jan,NA,NA,NA,NA,NA,NA,NA,NA,NA,NA,NA,NA,NA,NA,NA,NA,NA,NA,CRA,15-May-24,pos,Ref 2,M,M,M,5,CP5,10.5,11,9.9,22.8,72,30.11,U,NA,NA,5,3,wet,13,NA,PCR,33.50875047
NA,SMA2039,25-Jan-24,Jan,NA,NA,NA,NA,NA,NA,NA,NA,NA,NA,NA,NA,NA,NA,NA,NA,NA,NA,PAR,16-May-24,pos,Ref 2,M,M,M,4,CP3,7.5,7.5,6.1,16.8,60,12.32,U,NA,NA,5,3,wet,13,NA,PCR,14.28966265
NA,SMA2029,25-Jan-24,Jan,NA,NA,NA,NA,NA,NA,NA,NA,NA,NA,NA,NA,NA,NA,NA,NA,NA,NA,PAR,30-May-24,neg,Ref 2,M,M,M,1,CP1,6.79,6.65,6.11,19.98,61,12.97,I,A,1.58,5,3,wet,13,NA,PCR,12.1420151
NA,SM2647,26-Jan-24,Jan,NA,NA,NA,NA,NA,NA,NA,NA,NA,NA,NA,NA,NA,NA,NA,NA,NA,NA,CRA,5-Jun-24,pos,#N/A,F,F,F,0,BP1,10.31,9.98,9.95,21.22,77,31.38,U,NA,NA,5,3,wet,13,NA,PCR,38.27462359
NA,SMA1661,26-Jan-24,Jan,NA,NA,NA,NA,NA,NA,NA,NA,NA,NA,NA,NA,NA,NA,NA,NA,NA,NA,FUL,2-Jul-24,pos,#N/A,M,M,M,1,CP1,8.64,6.74,6.55,16.76,60,14.66,I,C,10.85,5,3,wet,13,NA,PCR,15.32032153
NA,SM2659,28-Jan-24,Jan,NA,NA,NA,NA,NA,NA,NA,NA,NA,NA,NA,NA,NA,NA,NA,NA,NA,NA,SCA,4-Jul-24,pos,#N/A,F,F,F,0,BP3,15.04,8.57,8.13,17.72,69,31.29,R,NA,NA,5,3,wet,13,NA,PCR,35.27772588
NA,SM2657,28-Jan-24,Jan,NA,NA,NA,NA,NA,NA,NA,NA,NA,NA,NA,NA,NA,NA,NA,NA,NA,NA,SCA,4-Jul-24,neg,#N/A,N,M,M,0,NA,9.38,NA,NA,18.18,23.65,19.66,U,NA,NA,5,3,wet,13,NA,PCR,21.59166814
NA,SMA2073,29-Jan-24,Jan,NA,NA,NA,NA,NA,NA,NA,NA,NA,NA,NA,NA,NA,NA,NA,NA,NA,NA,FUL,3-Jul-24,pos,#N/A,U,F,F,0,0,9.81,7.53,5.28,16.67,58,13,U,NA,NA,5,3,wet,13,NA,PCR,13.65782669
NA,SM2138,30-Jan-24,Jan,NA,NA,NA,NA,NA,NA,NA,NA,NA,NA,NA,NA,NA,NA,NA,NA,NA,NA,CRA,16-May-24,pos,#N/A,M,M,M,4,0,10.17,10.89,6.83,25.94,80,24.29,R,NA,NA,5,3,wet,13,NA,PCR,22.927213
NA,SM2671,30-Jan-24,Jan,NA,NA,NA,NA,NA,NA,NA,NA,NA,NA,NA,NA,NA,NA,NA,NA,NA,NA,FOR,2-Jul-24,pos,#N/A,M,M,M,5,CP4,12.7,10.98,7.69,22.62,71,24.18,U,NA,NA,5,3,wet,13,NA,PCR,18.97963023
NA,SM2670,30-Jan-24,Jan,NA,NA,NA,NA,NA,NA,NA,NA,NA,NA,NA,NA,NA,NA,NA,NA,NA,NA,FUL,17-Jul-24,pos,Ref 2,M,M,M,4,0,9.03,7.34,5.12,17.08,63,12.66,I,C,5.08,5,3,wet,13,NA,PCR,12.98594231
NA,SMC105,30-Jan-24,Jan,NA,NA,NA,NA,NA,NA,NA,NA,NA,NA,NA,NA,NA,NA,NA,NA,NA,NA,GAMO,17-May-24,neg,mixed infection,N,F,F,0,NA,9.19,NA,NA,31.03,26.22,22.7,U,NA,NA,5,3,wet,13,NA,PCR,27.72158921
NA,SM2683,1-Feb-24,Feb,NA,NA,NA,NA,NA,NA,NA,NA,NA,NA,NA,NA,NA,NA,NA,NA,NA,NA,CRA,5-Jun-24,pos,mixed infection,F,F,F,0,BP2,11.1,11.1,7.1,24.5,81,29.79,U,NA,NA,5,3,wet,14,NA,PCR,30.24503939
NA,SMC106,1-Feb-24,Feb,NA,NA,NA,NA,NA,NA,NA,NA,NA,NA,NA,NA,NA,NA,NA,NA,NA,NA,GAMO,16-May-24,pos,Ref 2,U,F,F,0,0,13.03,0,0,33.42,100,40.07,I,A,3.24,5,3,wet,14,NA,PCR,38.60154609
NA,SMA2094,1-Feb-24,Feb,NA,NA,NA,NA,NA,NA,NA,NA,NA,NA,NA,NA,NA,NA,NA,NA,NA,NA,PAR,1-Jul-24,neg,mixed infection,U,M,M,0,0,8.1,7.2,5.2,17.9,61,12.44,R,NA,NA,5,3,wet,14,NA,PCR,13.3408995
NA,SMA2127,2-Feb-24,Feb,NA,NA,NA,NA,NA,NA,NA,NA,NA,NA,NA,NA,NA,NA,NA,NA,NA,NA,FUL,2-Jul-24,neg,Ref 1,F,M,M,0,BP,8.99,6.92,5.552,18.68,62,13.26,I,C,5.54,5,3,wet,14,NA,PCR,12.45262862
NA,SMC114,2-Feb-24,Feb,NA,NA,NA,NA,NA,NA,NA,NA,NA,NA,NA,NA,NA,NA,NA,NA,NA,NA,GAMO,15-May-24,neg,#N/A,M,F,F,NA,CP,16.19,0,0,32.61,111,46.95,U,NA,NA,5,3,wet,14,NA,PCR,48.91949636
NA,SM2066,6-Feb-24,Feb,NA,NA,NA,NA,NA,NA,NA,NA,NA,NA,NA,NA,NA,NA,NA,NA,NA,NA,CRA,4-Jun-24,pos,mixed infection,F,F,F,0,BP2,11.46,11.16,7.39,23.72,80,29.26,U,NA,NA,5,3,wet,14,NA,PCR,30.95945476
NA,SMA2141,6-Feb-24,Feb,NA,NA,NA,NA,NA,NA,NA,NA,NA,NA,NA,NA,NA,NA,NA,NA,NA,NA,FUL,2-Jul-24,pos,Ref 2,F,F,F,0,BP,7.83,NA,NA,14.21,60,12.67,I,D,6.49,5,3,wet,14,NA,PCR,15.57922407
NA,SMA2115,6-Feb-24,Feb,NA,NA,NA,NA,NA,NA,NA,NA,NA,NA,NA,NA,NA,NA,NA,NA,NA,NA,FUL,3-Jul-24,pos,Ref 1,U,M,M,0,0,8.29,7.86,7.85,18.78,59,12.29,U,NA,NA,5,3,wet,14,NA,PCR,11.48112568
NA,SMA2138,6-Feb-24,Feb,NA,NA,NA,NA,NA,NA,NA,NA,NA,NA,NA,NA,NA,NA,NA,NA,NA,NA,PAR,16-May-24,pos,#N/A,U,F,F,0,0,6.72,5.06,4.8,16.79,57,11.52,U,NA,NA,5,3,wet,14,NA,PCR,13.37160018
NA,SMA2136,6-Feb-24,Feb,NA,NA,NA,NA,NA,NA,NA,NA,NA,NA,NA,NA,NA,NA,NA,NA,NA,NA,PAR,4-Jun-24,pos,#N/A,U,M,M,0,0,7.49,6.68,6.12,18.58,61,12,I,A,2.98,5,3,wet,14,NA,PCR,12.2893915
NA,SM2385,6-Feb-24,Feb,NA,NA,NA,NA,NA,NA,NA,NA,NA,NA,NA,NA,NA,NA,NA,NA,NA,NA,SCA,3-Jul-24,pos,#N/A,M,M,M,2,0,14.63,9.12,6.41,22.56,67,20.63,I,A,4.31,5,3,wet,14,NA,PCR,18.16554793
NA,SM1876,6-Feb-24,Feb,NA,NA,NA,NA,NA,NA,NA,NA,NA,NA,NA,NA,NA,NA,NA,NA,NA,NA,SCA,4-Jul-24,pos,Ref 1,M,M,M,5,0,5.6,8.84,6.2,20.53,70,21.47,U,NA,NA,5,3,wet,14,NA,PCR,20.82073495
NA,SMA2156,7-Feb-24,Feb,NA,NA,NA,NA,NA,NA,NA,NA,NA,NA,NA,NA,NA,NA,NA,NA,NA,NA,FUL,2-Jul-24,pos,#N/A,U,F,F,0,0,7.93,6.01,4.64,18.48,59,12.17,I,C,7.76,5,3,wet,14,NA,PCR,11.55087449
NA,SMA2160,7-Feb-24,Feb,NA,NA,NA,NA,NA,NA,NA,NA,NA,NA,NA,NA,NA,NA,NA,NA,NA,NA,FUL,3-Jul-24,pos,#N/A,U,M,M,0,0,9.59,7.41,5.9,18.98,61,15,U,NA,NA,5,3,wet,14,NA,PCR,13.86724776
NA,SM2726,8-Feb-24,Feb,NA,NA,NA,NA,NA,NA,NA,NA,NA,NA,NA,NA,NA,NA,NA,NA,NA,NA,FOR,1-Jul-24,pos,#N/A,M,M,M,5,CP2,12.02,11.43,7.68,19.5,68,19.86,U,NA,NA,5,3,wet,14,NA,PCR,21.50762154
NA,SM2720,8-Feb-24,Feb,NA,NA,NA,NA,NA,NA,NA,NA,NA,NA,NA,NA,NA,NA,NA,NA,NA,NA,FOR,2-Jul-24,pos,#N/A,M,M,M,5,0,13.5,12.95,8.56,20.9,74,28.23,U,NA,NA,5,3,wet,14,NA,PCR,26.30417781
NA,SMA2179,8-Feb-24,Feb,NA,NA,NA,NA,NA,NA,NA,NA,NA,NA,NA,NA,NA,NA,NA,NA,NA,NA,FUL,3-Jul-24,pos,#N/A,M,M,M,5,CP1,8.47,7.67,6.83,16.61,61,14.33,U,NA,NA,5,3,wet,14,NA,PCR,15.10871681
NA,SMA2177,8-Feb-24,Feb,NA,NA,NA,NA,NA,NA,NA,NA,NA,NA,NA,NA,NA,NA,NA,NA,NA,NA,FUL,17-Jul-24,pos,#N/A,M,M,M,3,CP1,8.69,7.68,6.71,17.78,62,13.09,U,NA,NA,5,3,wet,14,NA,PCR,12.90594294
NA,SMA2165,8-Feb-24,Feb,NA,NA,NA,NA,NA,NA,NA,NA,NA,NA,NA,NA,NA,NA,NA,NA,NA,NA,PAR,17-May-24,neg,Ref 2,U,M,M,0,0,7.36,6.48,4.84,18.66,61,11.29,I,C,4.72,5,3,wet,14,NA,PCR,11.50102691
NA,SM2719,9-Feb-24,Feb,NA,NA,NA,NA,NA,NA,NA,NA,NA,NA,NA,NA,NA,NA,NA,NA,NA,NA,SCA,4-Jul-24,pos,#N/A,U,F,F,0,0,13.55,7.82,6.12,18.96,65,17.39,U,NA,NA,5,3,wet,14,NA,PCR,18.29481651
NA,SM2735,14-Feb-24,Feb,NA,NA,NA,NA,NA,NA,NA,NA,NA,NA,NA,NA,NA,NA,NA,NA,NA,NA,FOR,1-Jul-24,pos,#N/A,U,F,F,0,0,10.96,11.34,8.94,21.1,69,17.84,R,NA,NA,5,3,wet,14,NA,PCR,16.28317645
NA,SM2732,14-Feb-24,Feb,NA,NA,NA,NA,NA,NA,NA,NA,NA,NA,NA,NA,NA,NA,NA,NA,NA,NA,FOR,1-Jul-24,pos,#N/A,M,M,M,5,CP3,11.43,12.66,10.46,19.57,72,22.95,U,NA,NA,5,3,wet,14,NA,PCR,24.66158988
NA,SM2733,14-Feb-24,Feb,NA,NA,NA,NA,NA,NA,NA,NA,NA,NA,NA,NA,NA,NA,NA,NA,NA,NA,FOR,1-Jul-24,pos,#N/A,U,M,M,0,0,8.92,9.42,8.19,20.19,68,17.69,U,NA,NA,5,3,wet,14,NA,PCR,17.76608999
NA,SM2734,14-Feb-24,Feb,NA,NA,NA,NA,NA,NA,NA,NA,NA,NA,NA,NA,NA,NA,NA,NA,NA,NA,SCA,4-Jul-24,pos,#N/A,U,F,F,0,0,12.01,8.16,6.88,19.4,66,21.24,U,NA,NA,5,3,wet,14,NA,PCR,21.82654028
NA,SM2731,14-Feb-24,Feb,NA,NA,NA,NA,NA,NA,NA,NA,NA,NA,NA,NA,NA,NA,NA,NA,NA,NA,SCA,17-Jul-24,pos,#N/A,U,M,M,0,0,13.18,8.44,7.89,20.08,67,18.17,U,NA,NA,5,3,wet,14,NA,PCR,18.02481867
NA,SM2750,20-Feb-24,Feb,NA,NA,NA,NA,NA,NA,NA,NA,NA,NA,NA,NA,NA,NA,NA,NA,NA,NA,CRA,30-May-24,pos,#N/A,M,M,M,2,CP3,11.89,11.88,11.3,17.8,72,22.45,U,NA,NA,5,3,wet,14,NA,PCR,34.26862813
NA,SM1816,20-Feb-24,Feb,NA,NA,NA,NA,NA,NA,NA,NA,NA,NA,NA,NA,NA,NA,NA,NA,NA,NA,CRA,30-May-24,pos,#N/A,M,M,M,5,CP5,10.35,11.01,10.51,20.64,79,30.69,R,NA,NA,5,3,wet,14,NA,PCR,38.78085092
NA,SM1745,20-Feb-24,Feb,NA,NA,NA,NA,NA,NA,NA,NA,NA,NA,NA,NA,NA,NA,NA,NA,NA,NA,CRA,4-Jun-24,pos,#N/A,M,M,M,5,CP5,10.72,11.11,9.91,24.19,72,33.9,U,NA,NA,5,3,wet,14,NA,PCR,34.98180108
NA,SM2755,20-Feb-24,Feb,NA,NA,NA,NA,NA,NA,NA,NA,NA,NA,NA,NA,NA,NA,NA,NA,NA,NA,FOR,1-Jul-24,neg,#N/A,M,M,M,3,CP3,12.27,12.24,10.43,18.57,69,20.96,R,NA,NA,5,3,wet,14,NA,PCR,25.23639734
NA,SM2748,20-Feb-24,Feb,NA,NA,NA,NA,NA,NA,NA,NA,NA,NA,NA,NA,NA,NA,NA,NA,NA,NA,FOR,1-Jul-24,pos,#N/A,M,M,M,5,CP5,11.61,11.39,9.81,19.07,70,20.51,U,NA,NA,5,3,wet,14,NA,PCR,23.31197459
NA,SM2753,20-Feb-24,Feb,NA,NA,NA,NA,NA,NA,NA,NA,NA,NA,NA,NA,NA,NA,NA,NA,NA,NA,FOR,2-Jul-24,pos,#N/A,U,F,F,0,0,11.76,11.07,10.26,19.77,70,20.36,U,NA,NA,5,3,wet,14,NA,PCR,21.40129664
NA,SM2752,20-Feb-24,Feb,NA,NA,NA,NA,NA,NA,NA,NA,NA,NA,NA,NA,NA,NA,NA,NA,NA,NA,FOR,17-Jul-24,pos,#N/A,M,M,M,1,0,10.79,10.28,9.82,18.15,65,24.36,R,NA,NA,5,3,wet,14,NA,PCR,30.82185015
NA,SMA2219,20-Feb-24,Feb,NA,NA,NA,NA,NA,NA,NA,NA,NA,NA,NA,NA,NA,NA,NA,NA,NA,NA,FUL,3-Jul-24,pos,#N/A,M,M,M,3,0,8.58,6.6,6.52,16.11,62,14.33,R,NA,NA,5,3,wet,14,NA,PCR,15.57070301
NA,DC783,20-Feb-24,Feb,NA,NA,NA,NA,NA,NA,NA,NA,NA,NA,NA,NA,NA,NA,NA,NA,NA,NA,GAMO,15-May-24,neg,#N/A,M,M,M,0,CP5,14.78,NA,NA,32.32,111,44.37,U,NA,NA,5,3,wet,14,NA,PCR,47.57037239
NA,DC782,20-Feb-24,Feb,NA,NA,NA,NA,NA,NA,NA,NA,NA,NA,NA,NA,NA,NA,NA,NA,NA,NA,GAMO,15-May-24,neg,#N/A,F,F,F,0,BP,15.1,NA,NA,32.25,105,44.85,U,NA,NA,5,3,wet,14,NA,PCR,48.41941323
NA,SMA2220,20-Feb-24,Feb,NA,NA,NA,NA,NA,NA,NA,NA,NA,NA,NA,NA,NA,NA,NA,NA,NA,NA,PAR,15-May-24,neg,#N/A,U,M,M,0,0,6.9,7.23,6.6,16.1,60,13.39,U,NA,NA,5,3,wet,14,NA,PCR,16.36963467
NA,SM2751,20-Feb-24,Feb,NA,NA,NA,NA,NA,NA,NA,NA,NA,NA,NA,NA,NA,NA,NA,NA,NA,NA,SCA,3-Jul-24,pos,#N/A,U,F,F,0,0,13.92,8.62,7.98,17.97,64,18.3,U,NA,NA,5,3,wet,14,NA,PCR,20.33847705
NA,SM2754,20-Feb-24,Feb,NA,NA,NA,NA,NA,NA,NA,NA,NA,NA,NA,NA,NA,NA,NA,NA,NA,NA,SCA,4-Jul-24,neg,#N/A,M,M,M,4,0,15.19,9.68,8.22,19.13,68,19.67,R,NA,NA,5,3,wet,14,NA,PCR,20.50524128
NA,SM2747,20-Feb-24,Feb,NA,NA,NA,NA,NA,NA,NA,NA,NA,NA,NA,NA,NA,NA,NA,NA,NA,NA,SCA,4-Jul-24,neg,#N/A,U,M,M,0,0,13.45,8.59,7.95,18.26,69,19.1,U,NA,NA,5,3,wet,14,NA,PCR,20.88258407
NA,SM2757,23-Feb-24,Feb,NA,NA,NA,NA,NA,NA,NA,NA,NA,NA,NA,NA,NA,NA,NA,NA,NA,NA,CRA,17-May-24,pos,#N/A,M,M,M,5,CP5,13.09,10.74,9.87,23.6,80,21.26,U,NA,NA,5,3,wet,14,NA,PCR,22.64090405
NA,SMA2222,23-Feb-24,Feb,NA,NA,NA,NA,NA,NA,NA,NA,NA,NA,NA,NA,NA,NA,NA,NA,NA,NA,FUL,17-Jul-24,pos,#N/A,M,M,M,2,0,8.93,6.94,6.82,16.51,61,13.95,U,NA,NA,5,3,wet,14,NA,PCR,14.79585059
NA,SM2760,26-Feb-24,Feb,NA,NA,NA,NA,NA,NA,NA,NA,NA,NA,NA,NA,NA,NA,NA,NA,NA,NA,CRA,4-Jun-24,pos,#N/A,M,M,M,5,CP4,10.09,11.3,9.91,22.65,79,30.85,I,A,5.26,5,3,wet,14,NA,PCR,34.62275732
NA,SM2758,26-Feb-24,Feb,NA,NA,NA,NA,NA,NA,NA,NA,NA,NA,NA,NA,NA,NA,NA,NA,NA,NA,FOR,1-Jul-24,pos,#N/A,M,M,M,4,CP2,12.9,12.56,8.07,21.1,73,34,R,NA,NA,5,3,wet,14,NA,PCR,31.03295961
NA,SMA2223,26-Feb-24,Feb,NA,NA,NA,NA,NA,NA,NA,NA,NA,NA,NA,NA,NA,NA,NA,NA,NA,NA,FUL,3-Jul-24,pos,Ref 2,U,F,F,0,0,8.14,7.15,6.32,16.02,59,13.17,I,D,20.41,5,3,wet,14,NA,PCR,14.38948916
NA,SM2761,27-Feb-24,Feb,NA,NA,NA,NA,NA,NA,NA,NA,NA,NA,NA,NA,NA,NA,NA,NA,NA,NA,SCA,4-Jul-24,pos,#N/A,U,M,M,0,0,14.64,8.98,7,21.92,61,21.71,I,B,2.72,5,3,wet,14,NA,PCR,19.68802035
NA,SM2762,28-Feb-24,Feb,NA,NA,NA,NA,NA,NA,NA,NA,NA,NA,NA,NA,NA,NA,NA,NA,NA,NA,FOR,1-Jul-24,neg,#N/A,M,M,M,5,CP2,12.33,13.33,10.48,19.62,76,24,R,NA,NA,5,3,wet,14,NA,PCR,25.64758408
NA,SM2764,28-Feb-24,Feb,NA,NA,NA,NA,NA,NA,NA,NA,NA,NA,NA,NA,NA,NA,NA,NA,NA,NA,FOR,17-Jul-24,pos,#N/A,M,M,M,4,CP4,10.93,9.37,8.61,15.42,64,15.63,R,NA,NA,5,3,wet,14,NA,PCR,28.1616692
NA,SM2765,28-Feb-24,Feb,NA,NA,NA,NA,NA,NA,NA,NA,NA,NA,NA,NA,NA,NA,NA,NA,NA,NA,SCA,4-Jul-24,pos,#N/A,M,M,M,4,CP4,15.24,10.07,8.81,18.03,69,21.25,U,NA,NA,5,3,wet,14,NA,PCR,23.53664326
NA,SM2766,28-Feb-24,Feb,NA,NA,NA,NA,NA,NA,NA,NA,NA,NA,NA,NA,NA,NA,NA,NA,NA,NA,SCA,4-Jul-24,pos,#N/A,F,F,F,2,BP5,15.15,8.91,8.15,17.47,66,22.44,U,NA,NA,5,3,wet,14,NA,PCR,25.67048289
NA,LF4172,28-Feb-24,Feb,NA,NA,NA,NA,NA,NA,NA,NA,NA,NA,NA,NA,NA,NA,NA,NA,NA,NA,SCA,4-Jul-24,neg,#N/A,F,F,F,0,BP,14.36,8.31,8.07,16.7,65,18.93,U,NA,NA,5,3,wet,14,NA,PCR,22.67771857
NA,SM198,28-Feb-24,Feb,NA,NA,NA,NA,NA,NA,NA,NA,NA,NA,NA,NA,NA,NA,NA,NA,NA,NA,SCA,4-Jul-24,pos,#N/A,M,M,M,5,CP2,14.89,9.35,8.52,18.12,68,20.17,U,NA,NA,5,3,wet,14,NA,PCR,22.2268585
NA,SM1954,29-Feb-24,Feb,NA,NA,NA,NA,NA,NA,NA,NA,NA,NA,NA,NA,NA,NA,NA,NA,NA,NA,CRA,17-May-24,pos,Ref 1,M,M,M,5,CP5,10.65,10.73,9.98,21.79,80,31.4,I,A,2.71,5,3,wet,14,NA,PCR,37.02489278
NA,SM2017,29-Feb-24,Feb,NA,NA,NA,NA,NA,NA,NA,NA,NA,NA,NA,NA,NA,NA,NA,NA,NA,NA,CRA,30-May-24,pos,#N/A,M,M,M,5,CP5,11.06,10.79,9.37,22.24,78,31.61,I,A,3.41,5,3,wet,14,NA,PCR,36.31259373
NA,SM2768,29-Feb-24,Feb,NA,NA,NA,NA,NA,NA,NA,NA,NA,NA,NA,NA,NA,NA,NA,NA,NA,NA,CRA,17-May-24,pos,#N/A,M,M,M,4,CP4,11.94,11.41,9.94,22.67,78,30.93,R,NA,NA,5,3,wet,14,NA,PCR,34.67345657
NA,SM2769,29-Feb-24,Feb,NA,NA,NA,NA,NA,NA,NA,NA,NA,NA,NA,NA,NA,NA,NA,NA,NA,NA,FOR,1-Jul-24,neg,Ref 1,M,M,M,2,0,11.73,12.09,9.69,16.43,71,22.89,I,A,3.55,5,3,wet,14,NA,PCR,35.94133251
NA,SMA1821,29-Feb-24,Feb,NA,NA,NA,NA,NA,NA,NA,NA,NA,NA,NA,NA,NA,NA,NA,NA,NA,NA,FUL,3-Jul-24,pos,#N/A,M,M,M,3,0,8.27,6.85,6.51,15.28,62,15.69,U,NA,NA,5,3,wet,14,NA,PCR,17.96066334
NA,SMA2226,29-Feb-24,Feb,NA,NA,NA,NA,NA,NA,NA,NA,NA,NA,NA,NA,NA,NA,NA,NA,NA,NA,FUL,3-Jul-24,pos,#N/A,M,M,M,3,0,8.63,7.96,6.96,14.51,58,13.57,U,NA,NA,5,3,wet,14,NA,PCR,16.34586672
NA,SMC123,6-Mar-24,Mar,NA,NA,NA,NA,NA,NA,NA,NA,NA,NA,NA,NA,NA,NA,NA,NA,NA,NA,GAMO,15-May-24,neg,#N/A,N,M,M,0,0,8.22,neg,neg,30.87,11.07,35.41,U,NA,NA,5,3,wet,15,NA,PCR,43.96376271
NA,SMC125,6-Mar-24,Mar,NA,NA,NA,NA,NA,NA,NA,NA,NA,NA,NA,NA,NA,NA,NA,NA,NA,NA,GAMO,15-May-24,neg,#N/A,M,M,M,0,CP5,16.3,neg,neg,20.47,106,45.97,U,NA,NA,5,3,wet,15,NA,PCR,212.20873
NA,SMC126,6-Mar-24,Mar,NA,NA,NA,NA,NA,NA,NA,NA,NA,NA,NA,NA,NA,NA,NA,NA,NA,NA,GAMO,16-May-24,neg,#N/A,N,F,F,0,0,7.36,neg,neg,28.61,4.48,31.91,U,NA,NA,5,3,wet,15,NA,PCR,50.51740186
NA,SMC127,6-Mar-24,Mar,NA,NA,NA,NA,NA,NA,NA,NA,NA,NA,NA,NA,NA,NA,NA,NA,NA,NA,GAMO,17-May-24,neg,#N/A,N,F,F,0,0,8.59,neg,neg,30.87,4.55,32,U,NA,NA,5,3,wet,15,NA,PCR,39.73003125
NA,SMC128,6-Mar-24,Mar,NA,NA,NA,NA,NA,NA,NA,NA,NA,NA,NA,NA,NA,NA,NA,NA,NA,NA,GAMO,5-Jun-24,neg,#N/A,N,F,F,0,0,7.84,neg,neg,30.28,3.06,33.1,U,NA,NA,5,3,wet,15,NA,PCR,43.71054411
NA,SMC124,6-Mar-24,Mar,NA,NA,NA,NA,NA,NA,NA,NA,NA,NA,NA,NA,NA,NA,NA,NA,NA,NA,GAMO,5-Jun-24,neg,#N/A,N,F,F,0,0,9.19,neg,neg,31.42,12.34,26,U,NA,NA,5,3,wet,15,NA,PCR,30.50888788
